color_b,color_g,color_r,pos_x,pos_y,time
0.0,0.0,255.0,0.06996268656716417,0.87468671679198,0.0
0.0,0.0,255.0,0.011194029850746268,0.7443609022556391,0.0007375134172847645
0.0,0.0,255.0,0.008395522388059701,0.7443609022556391,0.0016871491185657648
0.0,0.0,255.0,0.0065298507462686565,0.7443609022556391,0.002468621299522615
0.0,0.0,255.0,0.0046641791044776115,0.7468671679197995,0.0033790275637139997
0.0,0.0,255.0,0.002798507462686567,0.7493734335839599,0.004196569032661579
0.0,0.0,255.0,0.0018656716417910447,0.7543859649122807,0.00510743297361901
0.0,0.0,255.0,0.0009328358208955224,0.7593984962406015,0.00598702233556333
0.0,0.0,255.0,0.0,0.7644110275689223,0.006837712678851635
0.0,0.0,255.0,0.0,0.7744360902255639,0.007695551497342936
0.0,0.0,255.0,0.0009328358208955224,0.7894736842105263,0.00858568921903802
0.0,0.0,255.0,0.0018656716417910447,0.8095238095238095,0.009414236724502407
0.0,0.0,255.0,0.0037313432835820895,0.8245614035087719,0.010375336139066263
0.0,0.0,255.0,0.0065298507462686565,0.8421052631578947,0.011151991816913776
0.0,0.0,255.0,0.010261194029850746,0.8596491228070176,0.01210031987029179
0.0,0.0,255.0,0.013992537313432836,0.8771929824561403,0.012893669853034107
0.0,0.0,255.0,0.017723880597014924,0.8922305764411027,0.013840842817431148
0.0,0.0,255.0,0.021455223880597014,0.9072681704260651,0.01465873299248619
0.0,0.0,255.0,0.025186567164179104,0.9223057644110275,0.015575263407689898
0.0,0.0,255.0,0.029850746268656716,0.9373433583959899,0.016394483024779645
0.0,0.0,255.0,0.03451492537313433,0.949874686716792,0.01735022108294125
0.0,0.0,255.0,0.03917910447761194,0.9624060150375939,0.01813533288389475
0.0,0.0,255.0,0.043843283582089554,0.9724310776942355,0.019059839951306678
0.0,0.0,255.0,0.04757462686567164,0.9799498746867168,0.020002065647804084
0.0,0.0,255.0,0.05223880597014925,0.9849624060150376,0.02075795151812582
0.0,0.0,255.0,0.055970149253731345,0.9899749373433584,0.02170113615641875
0.0,0.0,255.0,0.058768656716417914,0.9949874686716792,0.02260254144421124
0.0,0.0,255.0,0.0625,0.9974937343358395,0.023437954101166312
0.0,0.0,255.0,0.06529850746268656,1.0,0.02426048642627696
0.0,0.0,255.0,0.06902985074626866,1.0,0.02517246186795193
0.0,0.0,255.0,0.07276119402985075,1.0,0.026096009993568335
0.0,0.0,255.0,0.07649253731343283,1.0,0.026902719779052835
0.0,0.0,255.0,0.08022388059701492,1.0,0.027745106558157172
0.0,0.0,255.0,0.08395522388059702,0.9974937343358395,0.028641194077810846
0.0,0.0,255.0,0.08768656716417911,0.9949874686716792,0.029467060905074113
0.0,0.0,255.0,0.09048507462686567,0.9924812030075187,0.030406300805526365
0.0,0.0,255.0,0.09421641791044776,0.9874686716791979,0.031210787589575788
0.0,0.0,255.0,0.09701492537313433,0.9774436090225563,0.03216824738414299
0.0,0.0,255.0,0.10074626865671642,0.9674185463659147,0.03292849208080802
0.0,0.0,255.0,0.10261194029850747,0.9548872180451128,0.0339214109276779
0.0,0.0,255.0,0.10541044776119403,0.9423558897243107,0.03468738748098435
0.0,0.0,255.0,0.10727611940298508,0.9298245614035088,0.03560452813187612
0.0,0.0,255.0,0.10914179104477612,0.9172932330827067,0.03642640663303527
0.0,0.0,255.0,0.11100746268656717,0.9047619047619048,0.03732774653843261
0.0,0.0,255.0,0.11194029850746269,0.8922305764411027,0.0382192137021624
0.0,0.0,255.0,0.11287313432835822,0.8796992481203008,0.03906918483910406
0.0,0.0,255.0,0.11287313432835822,0.8646616541353384,0.03996161094462937
0.0,0.0,255.0,0.11380597014925373,0.8446115288220551,0.040791160980152716
0.0,0.0,255.0,0.11380597014925373,0.8295739348370927,0.041651048447025364
0.0,0.0,255.0,0.11380597014925373,0.8145363408521303,0.042531204456394314
0.0,0.0,255.0,0.11380597014925373,0.7994987468671679,0.0433445178637889
0.0,0.0,255.0,0.11287313432835822,0.7869674185463659,0.04429360871177699
0.0,0.0,255.0,0.11194029850746269,0.7719298245614035,0.0451217857170022
0.0,0.0,255.0,0.11100746268656717,0.7543859649122807,0.046002486579664055
0.0,0.0,255.0,0.10820895522388059,0.7343358395989975,0.046900426600513634
0.0,0.0,255.0,0.10634328358208955,0.7142857142857143,0.047736427699025044
0.0,0.0,255.0,0.10354477611940298,0.6967418546365914,0.048684494222822464
0.0,0.0,255.0,0.10167910447761194,0.6791979949874687,0.049464963873720354
0.0,0.0,255.0,0.10074626865671642,0.6666666666666666,0.05040132694878603
0.0,0.0,255.0,0.09888059701492537,0.6516290726817042,0.05121875944707503
0.0,0.0,255.0,0.09701492537313433,0.6390977443609023,0.0521315194774918
0.0,0.0,255.0,0.0960820895522388,0.6265664160401002,0.0529317346117248
0.0,0.0,255.0,0.09421641791044776,0.6115288220551378,0.053956211361320096
0.0,0.0,255.0,0.09328358208955224,0.5964912280701754,0.05471874444181535
0.0,0.0,255.0,0.09235074626865672,0.5839598997493735,0.05560862063392983
0.0,0.0,255.0,0.09048507462686567,0.5714285714285714,0.05648877664329878
0.0,0.0,255.0,0.08955223880597014,0.5639097744360902,0.05735016790525986
0.0,0.0,255.0,0.08861940298507463,0.5538847117794486,0.05814720109626226
0.0,0.0,255.0,0.08768656716417911,0.543859649122807,0.059095093267005946
0.0,0.0,255.0,0.08675373134328358,0.5363408521303258,0.05990197740554418
0.0,0.0,255.0,0.08582089552238806,0.5263157894736842,0.06083929942240538
0.0,0.0,255.0,0.08488805970149253,0.518796992481203,0.0616525256532731
0.0,0.0,255.0,0.08395522388059702,0.5112781954887218,0.06261109694855785
0.0,0.0,255.0,0.0830223880597015,0.5037593984962406,0.06338088747491469
0.0,0.0,255.0,0.0830223880597015,0.49874686716791977,0.06431459166591096
0.0,0.0,255.0,0.08208955223880597,0.49373433583959897,0.06510504302913499
0.0,0.0,255.0,0.08208955223880597,0.49122807017543857,0.06604487137114358
0.0,0.0,255.0,0.08208955223880597,0.49122807017543857,0.06685271445147734
0.0,0.0,255.0,0.08115671641791045,0.48872180451127817,0.06777371266368291
0.0,0.0,255.0,0.08115671641791045,0.48621553884711777,0.06863769742731826
0.0,0.0,255.0,0.08115671641791045,0.48621553884711777,0.06949695286437113
0.0,0.0,255.0,0.08115671641791045,0.48621553884711777,0.07048503341399995
0.0,0.0,255.0,0.08115671641791045,0.48621553884711777,0.07217006850178923
0.0,0.0,255.0,0.0830223880597015,0.49874686716791977,0.07564727862888584
0.0,0.0,255.0,0.08488805970149253,0.506265664160401,0.07648879364272151
0.0,0.0,255.0,0.08582089552238806,0.5162907268170426,0.0773807838656125
0.0,0.0,255.0,0.08768656716417911,0.5288220551378446,0.07818001826391827
0.0,0.0,255.0,0.08861940298507463,0.5463659147869674,0.0791289129647209
0.0,0.0,255.0,0.09048507462686567,0.5639097744360902,0.07991631314950463
0.0,0.0,255.0,0.0914179104477612,0.5789473684210527,0.08094654354987307
0.0,0.0,255.0,0.09328358208955224,0.5939849624060151,0.08166583707304288
0.0,0.0,255.0,0.09421641791044776,0.606516290726817,0.08260322447229923
0.0,0.0,255.0,0.0960820895522388,0.6215538847117794,0.08340195760557552
0.0,0.0,255.0,0.09888059701492537,0.6390977443609023,0.08432134305203408
0.0,0.0,255.0,0.10167910447761194,0.656641604010025,0.08514906238049325
0.0,0.0,255.0,0.10354477611940298,0.6766917293233082,0.0860513612276861
0.0,0.0,255.0,0.10634328358208955,0.6942355889724311,0.08690183362965724
0.0,0.0,255.0,0.10914179104477612,0.7092731829573935,0.08779321361686017
0.0,0.0,255.0,0.11194029850746269,0.7243107769423559,0.08862361362352045
0.0,0.0,255.0,0.11380597014925373,0.7343358395989975,0.08952401638125398
0.0,0.0,255.0,0.1166044776119403,0.7468671679197995,0.09035626888911018
0.0,0.0,255.0,0.11847014925373134,0.7568922305764411,0.09127990419125344
0.0,0.0,255.0,0.12033582089552239,0.7694235588972431,0.09208739856547973
0.0,0.0,255.0,0.12220149253731344,0.7819548872180451,0.09300573789361591
0.0,0.0,255.0,0.12406716417910447,0.7944862155388471,0.09391790948247633
0.0,0.0,255.0,0.12686567164179105,0.8120300751879699,0.09471627211551344
0.0,0.0,255.0,0.1296641791044776,0.8245614035087719,0.09564049585921305
0.0,0.0,255.0,0.13246268656716417,0.8370927318295739,0.09648379799184947
0.0,0.0,255.0,0.13432835820895522,0.8471177944862155,0.09738646733928152
0.0,0.0,255.0,0.13712686567164178,0.8571428571428571,0.09823205785574818
0.0,0.0,255.0,0.13899253731343283,0.8646616541353384,0.0991853113828941
0.0,0.0,255.0,0.1417910447761194,0.87468671679198,0.09993921398722964
0.0,0.0,255.0,0.1455223880597015,0.8822055137844611,0.10086829782230203
0.0,0.0,255.0,0.14832089552238806,0.8922305764411027,0.10173494147000678
0.0,0.0,255.0,0.15205223880597016,0.899749373433584,0.10259883905711525
0.0,0.0,255.0,0.15578358208955223,0.9097744360902256,0.10341282808259304
0.0,0.0,255.0,0.15951492537313433,0.9172932330827067,0.1043351121485699
0.0,0.0,255.0,0.1623134328358209,0.9223057644110275,0.10520535182800786
0.0,0.0,255.0,0.16511194029850745,0.9273182957393483,0.10606674308996894
0.0,0.0,255.0,0.1669776119402985,0.9298245614035088,0.10690010709854267
0.0,0.0,255.0,0.16884328358208955,0.9323308270676691,0.10782215142907065
0.0,0.0,255.0,0.1707089552238806,0.9348370927318296,0.10861850900198983
0.0,0.0,255.0,0.17164179104477612,0.9373433583959899,0.10954216609826481
0.0,0.0,255.0,0.17350746268656717,0.9373433583959899,0.11045024039036254
0.0,0.0,255.0,0.17444029850746268,0.9398496240601504,0.11128251469235044
0.0,0.0,255.0,0.17537313432835822,0.9398496240601504,0.11211502872978722
0.0,0.0,255.0,0.17723880597014927,0.9373433583959899,0.11303951400306744
0.0,0.0,255.0,0.17817164179104478,0.9373433583959899,0.11385925667931837
0.0,0.0,255.0,0.18003731343283583,0.9348370927318296,0.11476323367465341
0.0,0.0,255.0,0.18097014925373134,0.9323308270676691,0.11562270705302344
0.0,0.0,255.0,0.1828358208955224,0.9298245614035088,0.11656233924784659
0.0,0.0,255.0,0.1837686567164179,0.924812030075188,0.11742314206825133
0.0,0.0,255.0,0.18470149253731344,0.9223057644110275,0.11817939843881224
0.0,0.0,255.0,0.1865671641791045,0.9172932330827067,0.11912927387554213
0.0,0.0,255.0,0.1875,0.9122807017543859,0.11992013932726876
0.0,0.0,255.0,0.1884328358208955,0.9072681704260651,0.12084939751539489
0.0,0.0,255.0,0.1884328358208955,0.899749373433584,0.12172432293315189
0.0,0.0,255.0,0.18936567164179105,0.8947368421052632,0.12257228900997563
0.0,0.0,255.0,0.19029850746268656,0.8872180451127819,0.12345608463934123
0.0,0.0,255.0,0.19029850746268656,0.8796992481203008,0.12434140585792698
0.0,0.0,255.0,0.1912313432835821,0.8671679197994987,0.1251514719396958
0.0,0.0,255.0,0.1912313432835821,0.8571428571428571,0.126049673490126
0.0,0.0,255.0,0.1912313432835821,0.8421052631578947,0.12689393456455794
0.0,0.0,255.0,0.1912313432835821,0.8295739348370927,0.12787061678329906
0.0,0.0,255.0,0.1912313432835821,0.8195488721804511,0.12865542346640851
0.0,0.0,255.0,0.1912313432835821,0.8070175438596491,0.12956426055311632
0.0,0.0,255.0,0.1912313432835821,0.7944862155388471,0.13039936809222735
0.0,0.0,255.0,0.19029850746268656,0.7819548872180451,0.13130127464504932
0.0,0.0,255.0,0.18936567164179105,0.7669172932330827,0.13211247402166743
0.0,0.0,255.0,0.18936567164179105,0.7493734335839599,0.13304787815493757
0.0,0.0,255.0,0.1884328358208955,0.731829573934837,0.13388278954686317
0.0,0.0,255.0,0.1875,0.7142857142857143,0.13477826683082877
0.0,0.0,255.0,0.1865671641791045,0.6967418546365914,0.13562815079124357
0.0,0.0,255.0,0.18563432835820895,0.681704260651629,0.13650460179822074
0.0,0.0,255.0,0.18470149253731344,0.6691729323308271,0.13734895004917955
0.0,0.0,255.0,0.1837686567164179,0.6541353383458647,0.13825449622199817
0.0,0.0,255.0,0.1828358208955224,0.6390977443609023,0.13909496511751146
0.0,0.0,255.0,0.1828358208955224,0.6240601503759399,0.13999920364242707
0.0,0.0,255.0,0.18190298507462688,0.606516290726817,0.1407998328651627
0.0,0.0,255.0,0.18097014925373134,0.5914786967418546,0.14179990018723557
0.0,0.0,255.0,0.18097014925373134,0.5789473684210527,0.14253693413362256
0.0,0.0,255.0,0.18097014925373134,0.568922305764411,0.14346174631887854
0.0,0.0,255.0,0.18003731343283583,0.5588972431077694,0.14436698737385312
0.0,0.0,255.0,0.18003731343283583,0.5513784461152882,0.14520104879464177
0.0,0.0,255.0,0.18003731343283583,0.5463659147869674,0.14613329277881304
0.0,0.0,255.0,0.18003731343283583,0.5388471177944862,0.14693769238633558
0.0,0.0,255.0,0.18003731343283583,0.5338345864661654,0.1478620251006938
0.0,0.0,255.0,0.18003731343283583,0.531328320802005,0.14864903299110663
0.0,0.0,255.0,0.18003731343283583,0.5263157894736842,0.14963990318959516
0.0,0.0,255.0,0.18003731343283583,0.5238095238095238,0.15040398365344226
0.0,0.0,255.0,0.18003731343283583,0.5213032581453634,0.15131763724325942
0.0,0.0,255.0,0.18003731343283583,0.518796992481203,0.15219753172304776
0.0,0.0,255.0,0.18003731343283583,0.518796992481203,0.15305811660213534
0.0,0.0,255.0,0.18003731343283583,0.5162907268170426,0.15393081901845726
0.0,0.0,255.0,0.18003731343283583,0.5162907268170426,0.15479236283934036
0.0,0.0,255.0,0.18003731343283583,0.5162907268170426,0.15562387434671818
0.0,0.0,255.0,0.18003731343283583,0.5137844611528822,0.15653011793175173
0.0,0.0,255.0,0.18003731343283583,0.5137844611528822,0.15735330408081386
0.0,0.0,255.0,0.18190298507462688,0.531328320802005,0.16351073473226813
0.0,0.0,255.0,0.1828358208955224,0.5413533834586466,0.16431173445524294
0.0,0.0,255.0,0.1828358208955224,0.556390977443609,0.16522061513021416
0.0,0.0,255.0,0.1837686567164179,0.568922305764411,0.16604872675304422
0.0,0.0,255.0,0.18470149253731344,0.581453634085213,0.16694993589365126
0.0,0.0,255.0,0.18563432835820895,0.5939849624060151,0.16778761514030485
0.0,0.0,255.0,0.1865671641791045,0.606516290726817,0.16869316131312345
0.0,0.0,255.0,0.1865671641791045,0.6165413533834586,0.1696085584334779
0.0,0.0,255.0,0.1884328358208955,0.6290726817042607,0.1704461287094729
0.0,0.0,255.0,0.18936567164179105,0.6441102756892231,0.1713571887976158
0.0,0.0,255.0,0.19029850746268656,0.6591478696741855,0.17218447224344063
0.0,0.0,255.0,0.1921641791044776,0.6741854636591479,0.17306072710323234
0.0,0.0,255.0,0.19402985074626866,0.6917293233082706,0.17392050559944638
0.0,0.0,255.0,0.19496268656716417,0.7042606516290727,0.17483274257070197
0.0,0.0,255.0,0.19682835820895522,0.7167919799498746,0.17563727294301482
0.0,0.0,255.0,0.19962686567164178,0.7293233082706767,0.17656191077521705
0.0,0.0,255.0,0.20242537313432835,0.7418546365914787,0.17736894747267729
0.0,0.0,255.0,0.20522388059701493,0.7568922305764411,0.17833340318352547
0.0,0.0,255.0,0.2080223880597015,0.7719298245614035,0.17911964827932825
0.0,0.0,255.0,0.21175373134328357,0.7869674185463659,0.18003482745836552
0.0,0.0,255.0,0.21455223880597016,0.8020050125313283,0.1808780642086068
0.0,0.0,255.0,0.21828358208955223,0.8170426065162907,0.18175741383510224
0.0,0.0,255.0,0.22108208955223882,0.8295739348370927,0.18257491171578638
0.0,0.0,255.0,0.22294776119402984,0.8421052631578947,0.1835700099758279
0.0,0.0,255.0,0.22574626865671643,0.8521303258145363,0.1843218639317821
0.0,0.0,255.0,0.22761194029850745,0.8596491228070176,0.18523723925800484
0.0,0.0,255.0,0.2294776119402985,0.8696741854636592,0.1861015073453525
0.0,0.0,255.0,0.23227611940298507,0.8771929824561403,0.18699482701027817
0.0,0.0,255.0,0.23414179104477612,0.8847117794486216,0.18781487480437314
0.0,0.0,255.0,0.23694029850746268,0.8947368421052632,0.18874151769669328
0.0,0.0,255.0,0.23973880597014927,0.9047619047619048,0.1895849287999883
0.0,0.0,255.0,0.24347014925373134,0.9147869674185464,0.19048391493916025
0.0,0.0,255.0,0.2462686567164179,0.924812030075188,0.19128487107387163
0.0,0.0,255.0,0.25,0.9348370927318296,0.19221746376415036
0.0,0.0,255.0,0.25279850746268656,0.9423558897243107,0.1929973231793602
0.0,0.0,255.0,0.2555970149253731,0.949874686716792,0.19392189562916726
0.0,0.0,255.0,0.2583955223880597,0.9573934837092731,0.19487059418278446
0.0,0.0,255.0,0.26119402985074625,0.9649122807017544,0.1956494074796719
0.0,0.0,255.0,0.26399253731343286,0.9699248120300752,0.1966456608286944
0.0,0.0,255.0,0.2658582089552239,0.974937343358396,0.19739056245663103
0.0,0.0,255.0,0.2677238805970149,0.9774436090225563,0.19835839625789528
0.0,0.0,255.0,0.269589552238806,0.9824561403508771,0.19911883710174574
0.0,0.0,255.0,0.271455223880597,0.9849624060150376,0.2000527810281909
0.0,0.0,255.0,0.2733208955223881,0.9874686716791979,0.20084813607105115
0.0,0.0,255.0,0.27425373134328357,0.9874686716791979,0.20176412163296192
0.0,0.0,255.0,0.2751865671641791,0.9899749373433584,0.2026129158867909
0.0,0.0,255.0,0.27705223880597013,0.9899749373433584,0.20358554439703277
0.0,0.0,255.0,0.27798507462686567,0.9899749373433584,0.20434814285992317
0.0,0.0,255.0,0.2789179104477612,0.9899749373433584,0.20524754308759774
0.0,0.0,255.0,0.2789179104477612,0.9899749373433584,0.2060737804151002
0.0,0.0,255.0,0.28078358208955223,0.9899749373433584,0.20702404814620096
0.0,0.0,255.0,0.28171641791044777,0.9899749373433584,0.20781510974511305
0.0,0.0,255.0,0.2826492537313433,0.9874686716791979,0.20876367753393996
0.0,0.0,255.0,0.2835820895522388,0.9849624060150376,0.20955142642483113
0.0,0.0,255.0,0.28544776119402987,0.9824561403508771,0.21046943884099156
0.0,0.0,255.0,0.28638059701492535,0.9774436090225563,0.2112780447159354
0.0,0.0,255.0,0.28824626865671643,0.9699248120300752,0.21221859226429063
0.0,0.0,255.0,0.29011194029850745,0.9649122807017544,0.21302079066450982
0.0,0.0,255.0,0.291044776119403,0.9548872180451128,0.21393618778486428
0.0,0.0,255.0,0.29197761194029853,0.9473684210526315,0.2147554945784809
0.0,0.0,255.0,0.292910447761194,0.9398496240601504,0.21566731746123385
0.0,0.0,255.0,0.29384328358208955,0.9323308270676691,0.21661141745305887
0.0,0.0,255.0,0.2947761194029851,0.924812030075188,0.2174247962428486
0.0,0.0,255.0,0.2947761194029851,0.9172932330827067,0.21826321648998054
0.0,0.0,255.0,0.2947761194029851,0.9072681704260651,0.21915030303323532
0.0,0.0,255.0,0.2947761194029851,0.899749373433584,0.22010257582445403
0.0,0.0,255.0,0.2947761194029851,0.8872180451127819,0.22093042591770348
0.0,0.0,255.0,0.2947761194029851,0.87468671679198,0.22179774518349143
0.0,0.0,255.0,0.29384328358208955,0.8571428571428571,0.22268110493022272
0.0,0.0,255.0,0.292910447761194,0.8395989974937343,0.22353166450872072
0.0,0.0,255.0,0.29197761194029853,0.8245614035087719,0.2243548942460463
0.0,0.0,255.0,0.291044776119403,0.8095238095238095,0.22535284753734267
0.0,0.0,255.0,0.29011194029850745,0.7969924812030075,0.22609012121917854
0.0,0.0,255.0,0.2891791044776119,0.7844611528822055,0.22707911712233947
0.0,0.0,255.0,0.28824626865671643,0.7744360902255639,0.22782929293015147
0.0,0.0,255.0,0.2873134328358209,0.7619047619047619,0.22878644760687467
0.0,0.0,255.0,0.28638059701492535,0.7468671679197995,0.22958265262087182
0.0,0.0,255.0,0.28544776119402987,0.731829573934837,0.23048499505632813
0.0,0.0,255.0,0.2835820895522388,0.7142857142857143,0.23129687005102945
0.0,0.0,255.0,0.2826492537313433,0.6992481203007519,0.2322118966711447
0.0,0.0,255.0,0.28171641791044777,0.6842105263157895,0.23307803905381996
0.0,0.0,255.0,0.28078358208955223,0.6716791979949874,0.23399903726602556
0.0,0.0,255.0,0.28078358208955223,0.6616541353383458,0.23480622652240782
0.0,0.0,255.0,0.2798507462686567,0.6516290726817042,0.2356999384817044
0.0,0.0,255.0,0.2789179104477612,0.6390977443609023,0.2365210759823852
0.0,0.0,255.0,0.27705223880597013,0.6265664160401002,0.23742069415137693
0.0,0.0,255.0,0.27611940298507465,0.6140350877192983,0.23824993906905625
0.0,0.0,255.0,0.2751865671641791,0.5989974937343359,0.2391730077237749
0.0,0.0,255.0,0.27425373134328357,0.5839598997493735,0.2400209084182035
0.0,0.0,255.0,0.2733208955223881,0.568922305764411,0.24089605177727766
0.0,0.0,255.0,0.27238805970149255,0.556390977443609,0.24173076702201782
0.0,0.0,255.0,0.271455223880597,0.5463659147869674,0.24264413728812262
0.0,0.0,255.0,0.27052238805970147,0.5363408521303258,0.2434554456353993
0.0,0.0,255.0,0.27052238805970147,0.5288220551378446,0.24439265868160193
0.0,0.0,255.0,0.269589552238806,0.5213032581453634,0.24530269444555414
0.0,0.0,255.0,0.269589552238806,0.5112781954887218,0.24610748634744758
0.0,0.0,255.0,0.26865671641791045,0.5012531328320802,0.24704212768610767
0.0,0.0,255.0,0.2677238805970149,0.49373433583959897,0.24789196805825903
0.0,0.0,255.0,0.2677238805970149,0.48370927318295737,0.24876889853613393
0.0,0.0,255.0,0.2677238805970149,0.47619047619047616,0.2495698546708453
0.0,0.0,255.0,0.2677238805970149,0.46867167919799496,0.25051504436925615
0.0,0.0,255.0,0.2677238805970149,0.46115288220551376,0.2513404971080168
0.0,0.0,255.0,0.26865671641791045,0.45363408521303256,0.2522391345410813
0.0,0.0,255.0,0.26865671641791045,0.44611528822055135,0.2530901735904771
0.0,0.0,255.0,0.269589552238806,0.43859649122807015,0.25401393965741065
0.0,0.0,255.0,0.27052238805970147,0.43358395989974935,0.2548481972253847
0.0,0.0,255.0,0.271455223880597,0.43107769423558895,0.2557178266691346
0.0,0.0,255.0,0.27238805970149255,0.42606516290726815,0.25659554173575133
0.0,0.0,255.0,0.2733208955223881,0.42355889724310775,0.2574453167255076
0.0,0.0,255.0,0.27425373134328357,0.42105263157894735,0.25825747504392116
0.0,0.0,255.0,0.2751865671641791,0.41854636591478694,0.25923529055751154
0.0,0.0,255.0,0.27705223880597013,0.41604010025062654,0.26001894215164006
0.0,0.0,255.0,0.27798507462686567,0.41604010025062654,0.26091374381752247
0.0,0.0,255.0,0.2789179104477612,0.41353383458646614,0.26175081282848794
0.0,0.0,255.0,0.28078358208955223,0.41353383458646614,0.2626828388713421
0.0,0.0,255.0,0.28171641791044777,0.41353383458646614,0.2634768426780359
0.0,0.0,255.0,0.2835820895522388,0.41353383458646614,0.26440052156844257
0.0,0.0,255.0,0.28638059701492535,0.41353383458646614,0.265253587472088
0.0,0.0,255.0,0.2891791044776119,0.41604010025062654,0.26612570144685355
0.0,0.0,255.0,0.29384328358208955,0.42105263157894735,0.2669538566579471
0.0,0.0,255.0,0.29850746268656714,0.42857142857142855,0.26789874123851387
0.0,0.0,255.0,0.3041044776119403,0.43609022556390975,0.26869492445837934
0.0,0.0,255.0,0.30970149253731344,0.44611528822055135,0.2696043717807752
0.0,0.0,255.0,0.31529850746268656,0.45864661654135336,0.27053277999776437
0.0,0.0,255.0,0.3199626865671642,0.46867167919799496,0.2714032812067829
0.0,0.0,255.0,0.3246268656716418,0.47619047619047616,0.27225113831294806
0.0,0.0,255.0,0.3283582089552239,0.48370927318295737,0.2730842407919412
0.0,0.0,255.0,0.332089552238806,0.49373433583959897,0.2740022532081016
0.0,0.0,255.0,0.3358208955223881,0.5012531328320802,0.27490660070367584
0.0,0.0,255.0,0.34048507462686567,0.5112781954887218,0.27572538443813127
0.0,0.0,255.0,0.3451492537313433,0.5238095238095238,0.2765593150941296
0.0,0.0,255.0,0.35074626865671643,0.5388471177944862,0.277512764768461
0.0,0.0,255.0,0.35634328358208955,0.5538847117794486,0.27828031049925106
0.0,0.0,255.0,0.3619402985074627,0.568922305764411,0.2792044906546872
0.0,0.0,255.0,0.3675373134328358,0.5839598997493735,0.2800329073953613
0.0,0.0,255.0,0.3712686567164179,0.5964912280701754,0.28095105057631203
0.0,0.0,255.0,0.375,0.6090225563909775,0.2818040510975623
0.0,0.0,255.0,0.37779850746268656,0.6190476190476191,0.28268010981016856
0.0,0.0,255.0,0.3805970149253731,0.6265664160401002,0.28354407277967214
0.0,0.0,255.0,0.3833955223880597,0.6365914786967418,0.2844292414393359
0.0,0.0,255.0,0.38619402985074625,0.6491228070175439,0.28523536278326406
0.0,0.0,255.0,0.38899253731343286,0.6616541353383458,0.286136659100398
0.0,0.0,255.0,0.3917910447761194,0.6766917293233082,0.2869742947587881
0.0,0.0,255.0,0.39552238805970147,0.6917293233082706,0.28791532177804113
0.0,0.0,255.0,0.3983208955223881,0.706766917293233,0.288725845536576
0.0,0.0,255.0,0.40111940298507465,0.7192982456140351,0.28966070481655326
0.0,0.0,255.0,0.4048507462686567,0.731829573934837,0.29045680085989184
0.0,0.0,255.0,0.4076492537313433,0.7418546365914787,0.2913670327710295
0.0,0.0,255.0,0.41138059701492535,0.7518796992481203,0.29218566394656287
0.0,0.0,255.0,0.4141791044776119,0.7619047619047619,0.2931666831975156
0.0,0.0,255.0,0.416044776119403,0.7719298245614035,0.2939844208136486
0.0,0.0,255.0,0.41884328358208955,0.7819548872180451,0.29482563070964024
0.0,0.0,255.0,0.4207089552238806,0.7944862155388471,0.295698267743567
0.0,0.0,255.0,0.42257462686567165,0.8045112781954887,0.29659825641279797
0.0,0.0,255.0,0.42350746268656714,0.8145363408521303,0.29752195709733636
0.0,0.0,255.0,0.4253731343283582,0.8245614035087719,0.29831702881648425
0.0,0.0,255.0,0.42630597014925375,0.8320802005012531,0.29923763473431897
0.0,0.0,255.0,0.42723880597014924,0.8395989974937343,0.30006748988768633
0.0,0.0,255.0,0.4281716417910448,0.8446115288220551,0.30096612732075084
0.0,0.0,255.0,0.4291044776119403,0.8521303258145363,0.3018252519930134
0.0,0.0,255.0,0.4291044776119403,0.8546365914786967,0.3027168281274018
0.0,0.0,255.0,0.4300373134328358,0.8596491228070176,0.3035169342909762
0.0,0.0,255.0,0.4300373134328358,0.8621553884711779,0.30444941801059633
0.0,0.0,255.0,0.4300373134328358,0.8646616541353384,0.3052422885224409
0.0,0.0,255.0,0.4300373134328358,0.8671679197994987,0.306221128360222
0.0,0.0,255.0,0.4300373134328358,0.8696741854636592,0.3069869959428698
0.0,0.0,255.0,0.4300373134328358,0.8721804511278195,0.3079473325628236
0.0,0.0,255.0,0.4291044776119403,0.87468671679198,0.30872499077073007
0.0,0.0,255.0,0.4291044776119403,0.8771929824561403,0.30965191698676253
0.0,0.0,255.0,0.4281716417910448,0.8796992481203008,0.31045476921093323
0.0,0.0,255.0,0.42723880597014924,0.8796992481203008,0.3113805403379847
0.0,0.0,255.0,0.42630597014925375,0.8822055137844611,0.31224812113335326
0.0,0.0,255.0,0.4253731343283582,0.8847117794486216,0.31320176695487006
0.0,0.0,255.0,0.42350746268656714,0.8847117794486216,0.3139572605308209
0.0,0.0,255.0,0.4207089552238806,0.8847117794486216,0.31487102309129666
0.0,0.0,255.0,0.417910447761194,0.8847117794486216,0.3157353783551712
0.0,0.0,255.0,0.41511194029850745,0.8847117794486216,0.31659857853006473
0.0,0.0,255.0,0.4123134328358209,0.8847117794486216,0.317437587218753
0.0,0.0,255.0,0.40951492537313433,0.8822055137844611,0.31835167669120445
0.0,0.0,255.0,0.4076492537313433,0.8822055137844611,0.31924870135852196
0.0,0.0,255.0,0.4048507462686567,0.8796992481203008,0.3200993045252834
0.0,0.0,255.0,0.40205223880597013,0.8771929824561403,0.32102705891832106
0.0,0.0,255.0,0.4001865671641791,0.87468671679198,0.3218022761834753
0.0,0.0,255.0,0.39738805970149255,0.8721804511278195,0.3227082364447965
0.0,0.0,255.0,0.394589552238806,0.8671679197994987,0.32357952224255687
0.0,0.0,255.0,0.3927238805970149,0.8646616541353384,0.32445041574594635
0.0,0.0,255.0,0.38992537313432835,0.8596491228070176,0.3252814695765581
0.0,0.0,255.0,0.3880597014925373,0.8546365914786967,0.3262154788853984
0.0,0.0,255.0,0.38619402985074625,0.849624060150376,0.3270465327160102
0.0,0.0,255.0,0.3843283582089552,0.8446115288220551,0.3279333359355527
0.0,0.0,255.0,0.3824626865671642,0.8421052631578947,0.32872306809243007
0.0,0.0,255.0,0.3805970149253731,0.8345864661654135,0.32967191920496924
0.0,0.0,255.0,0.37779850746268656,0.8295739348370927,0.33052749143376203
0.0,0.0,255.0,0.37593283582089554,0.8245614035087719,0.33139539914110633
0.0,0.0,255.0,0.37406716417910446,0.8170426065162907,0.3322376769495521
0.0,0.0,255.0,0.37220149253731344,0.8095238095238095,0.3331500882738614
0.0,0.0,255.0,0.3694029850746269,0.8020050125313283,0.333927354187397
0.0,0.0,255.0,0.3675373134328358,0.7944862155388471,0.3348345349200943
0.0,0.0,255.0,0.3656716417910448,0.7894736842105263,0.3356760281397983
0.0,0.0,255.0,0.36380597014925375,0.7844611528822055,0.3366127617151031
0.0,0.0,255.0,0.3628731343283582,0.7769423558897243,0.3374057411976063
0.0,0.0,255.0,0.36100746268656714,0.7719298245614035,0.3384035419299806
0.0,0.0,255.0,0.36007462686567165,0.7669172932330827,0.33912815322128925
0.0,0.0,255.0,0.3582089552238806,0.7619047619047619,0.34006037541132883
0.0,0.0,255.0,0.3572761194029851,0.7543859649122807,0.3409005173948664
0.0,0.0,255.0,0.35634328358208955,0.7493734335839599,0.34177263136963193
0.0,0.0,255.0,0.355410447761194,0.7418546365914787,0.34267843907203116
0.0,0.0,255.0,0.353544776119403,0.7368421052631579,0.34354558398476537
0.0,0.0,255.0,0.35261194029850745,0.7293233082706767,0.34446666937349785
0.0,0.0,255.0,0.3516791044776119,0.7218045112781954,0.34524881717253786
0.0,0.0,255.0,0.3516791044776119,0.7117794486215538,0.34618319698161737
0.0,0.0,255.0,0.35074626865671643,0.7042606516290727,0.34701536231294666
0.0,0.0,255.0,0.3498134328358209,0.6967418546365914,0.3479002694430298
0.0,0.0,255.0,0.34888059701492535,0.6917293233082706,0.34872820671280613
0.0,0.0,255.0,0.34888059701492535,0.6842105263157895,0.34965652775326844
0.0,0.0,255.0,0.34888059701492535,0.6766917293233082,0.3505102038926019
0.0,0.0,255.0,0.34794776119402987,0.6716791979949874,0.35137366559707606
0.0,0.0,255.0,0.34794776119402987,0.6666666666666666,0.3522173818182151
0.0,0.0,255.0,0.34794776119402987,0.6616541353383458,0.35311597566301617
0.0,0.0,255.0,0.34701492537313433,0.656641604010025,0.353960781590741
0.0,0.0,255.0,0.34701492537313433,0.6516290726817042,0.35489374478125896
0.0,0.0,255.0,0.34701492537313433,0.6466165413533834,0.3557179988427752
0.0,0.0,255.0,0.34701492537313433,0.6416040100250626,0.3566901914703827
0.0,0.0,255.0,0.34794776119402987,0.6365914786967418,0.35747879033241087
0.0,0.0,255.0,0.34794776119402987,0.631578947368421,0.3583818737683455
0.0,0.0,255.0,0.34794776119402987,0.6265664160401002,0.3591977370891509
0.0,0.0,255.0,0.34888059701492535,0.6190476190476191,0.3601132867684274
0.0,0.0,255.0,0.34888059701492535,0.6115288220551378,0.36092934623641826
0.0,0.0,255.0,0.3498134328358209,0.606516290726817,0.36184744582910555
0.0,0.0,255.0,0.35074626865671643,0.5989974937343359,0.3626758189815162
0.0,0.0,255.0,0.35074626865671643,0.5914786967418546,0.3635741948850001
0.0,0.0,255.0,0.3516791044776119,0.5839598997493735,0.3644007591244783
0.0,0.0,255.0,0.3516791044776119,0.5789473684210527,0.3653057168557406
0.0,0.0,255.0,0.353544776119403,0.5714285714285714,0.3661468831634688
0.0,0.0,255.0,0.353544776119403,0.5664160401002506,0.3671039506636651
0.0,0.0,255.0,0.355410447761194,0.5588972431077694,0.3678974314111977
0.0,0.0,255.0,0.35634328358208955,0.5538847117794486,0.36884793887774736
0.0,0.0,255.0,0.3582089552238806,0.5488721804511278,0.36970002404546554
0.0,0.0,255.0,0.36007462686567165,0.5413533834586466,0.37056732151712174
0.0,0.0,255.0,0.3619402985074627,0.5363408521303258,0.3714850724037016
0.0,0.0,255.0,0.36380597014925375,0.531328320802005,0.3722586333148454
0.0,0.0,255.0,0.3666044776119403,0.5288220551378446,0.373256259694166
0.0,0.0,255.0,0.36847014925373134,0.5238095238095238,0.373985992606428
0.0,0.0,255.0,0.37033582089552236,0.5213032581453634,0.3749768192166531
0.0,0.0,255.0,0.3712686567164179,0.518796992481203,0.3757414009455297
0.0,0.0,255.0,0.373134328358209,0.5162907268170426,0.3766672374549763
0.0,0.0,255.0,0.375,0.5112781954887218,0.3774966785198411
0.0,0.0,255.0,0.376865671641791,0.5112781954887218,0.3783879931246489
0.0,0.0,255.0,0.37779850746268656,0.5087719298245614,0.37924055776326476
0.0,0.0,255.0,0.37966417910447764,0.506265664160401,0.38013001986687667
0.0,0.0,255.0,0.3805970149253731,0.5037593984962406,0.38098491647758626
0.0,0.0,255.0,0.3824626865671642,0.5037593984962406,0.3818745311401201
0.0,0.0,255.0,0.3833955223880597,0.5012531328320802,0.3827120142395882
0.0,0.0,255.0,0.3843283582089552,0.5012531328320802,0.3835993405182919
0.0,0.0,255.0,0.38619402985074625,0.5012531328320802,0.38444737197751083
0.0,0.0,255.0,0.3871268656716418,0.49874686716791977,0.38536048071403506
0.0,0.0,255.0,0.38899253731343286,0.49874686716791977,0.38621969256282446
0.0,0.0,255.0,0.38992537313432835,0.49874686716791977,0.38705989992875717
0.0,0.0,255.0,0.3917910447761194,0.49874686716791977,0.38787652604417266
0.0,0.0,255.0,0.39365671641791045,0.49874686716791977,0.38880933667576856
0.0,0.0,255.0,0.39552238805970147,0.49874686716791977,0.3896558425457673
0.0,0.0,255.0,0.39738805970149255,0.49874686716791977,0.3905421445002803
0.0,0.0,255.0,0.4001865671641791,0.49874686716791977,0.39138272236645216
0.0,0.0,255.0,0.40205223880597013,0.49874686716791977,0.3922793983276622
0.0,0.0,255.0,0.4048507462686567,0.5012531328320802,0.39317866779054644
0.0,0.0,255.0,0.4085820895522388,0.5037593984962406,0.39402275451192464
0.0,0.0,255.0,0.41138059701492535,0.5037593984962406,0.3948730307667104
0.0,0.0,255.0,0.41511194029850745,0.506265664160401,0.3957424858574065
0.0,0.0,255.0,0.417910447761194,0.5112781954887218,0.39679570906673584
0.0,0.0,255.0,0.4216417910447761,0.5137844611528822,0.3979825956858821
0.0,0.0,255.0,0.4244402985074627,0.5162907268170426,0.39890379004527315
0.0,0.0,255.0,0.42723880597014924,0.5213032581453634,0.39972375066284127
0.0,0.0,255.0,0.4300373134328358,0.5263157894736842,0.40045228489785883
0.0,0.0,255.0,0.43283582089552236,0.5338345864661654,0.40117519624689363
0.0,0.0,255.0,0.435634328358209,0.5388471177944862,0.40184737085729244
0.0,0.0,255.0,0.439365671641791,0.5488721804511278,0.4027473813206551
0.0,0.0,255.0,0.4430970149253731,0.556390977443609,0.40360942640656766
0.0,0.0,255.0,0.4458955223880597,0.5664160401002506,0.40442629225743204
0.0,0.0,255.0,0.4496268656716418,0.5764411027568922,0.40543649385075303
0.0,0.0,255.0,0.4542910447761194,0.5864661654135338,0.40621953520919346
0.0,0.0,255.0,0.458955223880597,0.5964912280701754,0.40707046528793067
0.0,0.0,255.0,0.4626865671641791,0.606516290726817,0.4079009088828544
0.0,0.0,255.0,0.4673507462686567,0.6165413533834586,0.40884590243407976
0.0,0.0,255.0,0.4710820895522388,0.6265664160401002,0.4096596735182404
0.0,0.0,255.0,0.47388059701492535,0.6365914786967418,0.41055251371226836
0.0,0.0,255.0,0.47761194029850745,0.6466165413533834,0.41141359985638537
0.0,0.0,255.0,0.480410447761194,0.656641604010025,0.412292012335217
0.0,0.0,255.0,0.4841417910447761,0.6691729323308271,0.4131191868103833
0.0,0.0,255.0,0.4869402985074627,0.6842105263157895,0.4140741620739348
0.0,0.0,255.0,0.48973880597014924,0.6967418546365914,0.4148567893438726
0.0,0.0,255.0,0.4925373134328358,0.7092731829573935,0.415768808373811
0.0,0.0,255.0,0.49533582089552236,0.7192982456140351,0.4165771527191743
0.0,0.0,255.0,0.49906716417910446,0.7293233082706767,0.4175798135429214
0.0,0.0,255.0,0.5018656716417911,0.7393483709273183,0.4183332584704909
0.0,0.0,255.0,0.5046641791044776,0.7493734335839599,0.41926728957346293
0.0,0.0,255.0,0.5074626865671642,0.7593984962406015,0.42018822240327336
0.0,0.0,255.0,0.5111940298507462,0.7694235588972431,0.42098484150577314
0.0,0.0,255.0,0.5130597014925373,0.7794486215538847,0.421905817923847
0.0,0.0,255.0,0.5158582089552238,0.7894736842105263,0.4227481829088196
0.0,0.0,255.0,0.5177238805970149,0.7994987468671679,0.4236874446034036
0.0,0.0,255.0,0.5205223880597015,0.8095238095238095,0.42446499384065145
0.0,0.0,255.0,0.5223880597014925,0.8195488721804511,0.4254011825626634
0.0,0.0,255.0,0.523320895522388,0.8270676691729323,0.42621377676371136
0.0,0.0,255.0,0.5242537313432836,0.8345864661654135,0.42709240718386016
0.0,0.0,255.0,0.5261194029850746,0.8395989974937343,0.4279573290951593
0.0,0.0,255.0,0.5261194029850746,0.8446115288220551,0.4288489270236794
0.0,0.0,255.0,0.5270522388059702,0.849624060150376,0.42972062690994234
0.0,0.0,255.0,0.5279850746268657,0.8546365914786967,0.4305921742372833
0.0,0.0,255.0,0.5279850746268657,0.8571428571428571,0.4314277394531604
0.0,0.0,255.0,0.5279850746268657,0.8596491228070176,0.4323178771748555
0.0,0.0,255.0,0.5289179104477612,0.8621553884711779,0.4331290111690784
0.0,0.0,255.0,0.5289179104477612,0.8646616541353384,0.43408346337346876
0.0,0.0,255.0,0.5289179104477612,0.8671679197994987,0.43488993342350435
0.0,0.0,255.0,0.5289179104477612,0.8696741854636592,0.43583806532969693
0.0,0.0,255.0,0.5289179104477612,0.8696741854636592,0.43668925693801475
0.0,0.0,255.0,0.5279850746268657,0.8721804511278195,0.43754788034524783
0.0,0.0,255.0,0.5279850746268657,0.87468671679198,0.43834613400762634
0.0,0.0,255.0,0.5270522388059702,0.87468671679198,0.4392776369913192
0.0,0.0,255.0,0.5270522388059702,0.8771929824561403,0.4401011500523571
0.0,0.0,255.0,0.5261194029850746,0.8796992481203008,0.44100578087164366
0.0,0.0,255.0,0.5251865671641791,0.8822055137844611,0.4418291631678912
0.0,0.0,255.0,0.5242537313432836,0.8847117794486216,0.44277417851324835
0.0,0.0,255.0,0.5223880597014925,0.8847117794486216,0.4436710506216438
0.0,0.0,255.0,0.5214552238805971,0.8847117794486216,0.44447978726137793
0.0,0.0,255.0,0.5205223880597015,0.8872180451127819,0.4454245846654179
0.0,0.0,255.0,0.5186567164179104,0.8872180451127819,0.4462803312472644
0.0,0.0,255.0,0.5167910447761194,0.8872180451127819,0.44713810468336057
0.0,0.0,255.0,0.5158582089552238,0.8872180451127819,0.4479930666764653
0.0,0.0,255.0,0.5139925373134329,0.8872180451127819,0.44886463579793795
0.0,0.0,255.0,0.5121268656716418,0.8847117794486216,0.4496883014178979
0.0,0.0,255.0,0.5093283582089553,0.8847117794486216,0.45063721791283223
0.0,0.0,255.0,0.5083955223880597,0.8822055137844611,0.4514270808344999
0.0,0.0,255.0,0.5065298507462687,0.8822055137844611,0.45237434097542384
0.0,0.0,255.0,0.5046641791044776,0.8796992481203008,0.45316673201637064
0.0,0.0,255.0,0.5027985074626866,0.8771929824561403,0.4541251725468651
0.0,0.0,255.0,0.5009328358208955,0.87468671679198,0.4549365462765369
0.0,0.0,255.0,0.49906716417910446,0.8721804511278195,0.45583315685535175
0.0,0.0,255.0,0.49720149253731344,0.8671679197994987,0.4566360744619176
0.0,0.0,255.0,0.49533582089552236,0.8621553884711779,0.4575690376524355
0.0,0.0,255.0,0.49347014925373134,0.8546365914786967,0.4583793652637849
0.0,0.0,255.0,0.4916044776119403,0.8471177944862155,0.45930653121526627
0.0,0.0,255.0,0.48973880597014924,0.8421052631578947,0.46015242684957697
0.0,0.0,255.0,0.4878731343283582,0.8345864661654135,0.4610168257017149
0.0,0.0,255.0,0.4869402985074627,0.8295739348370927,0.4618495140922054
0.0,0.0,255.0,0.48600746268656714,0.8245614035087719,0.46274978608514866
0.0,0.0,255.0,0.48507462686567165,0.8195488721804511,0.46359021139239853
0.0,0.0,255.0,0.4841417910447761,0.8145363408521303,0.4645303884405146
0.0,0.0,255.0,0.4841417910447761,0.8095238095238095,0.4653174835074543
0.0,0.0,255.0,0.4841417910447761,0.8070175438596491,0.4663067409401958
0.0,0.0,255.0,0.4841417910447761,0.8020050125313283,0.46709233221204705
0.0,0.0,255.0,0.4841417910447761,0.7994987468671679,0.4679832109342205
0.0,0.0,255.0,0.4841417910447761,0.7969924812030075,0.4688714961547197
0.0,0.0,255.0,0.4841417910447761,0.7944862155388471,0.4697131419333457
0.0,0.0,255.0,0.4841417910447761,0.7944862155388471,0.4706290621128613
0.0,0.0,255.0,0.4841417910447761,0.7919799498746867,0.4714421793730704
0.0,0.0,255.0,0.4841417910447761,0.7894736842105263,0.47241265026427237
0.0,0.0,255.0,0.48507462686567165,0.7869674185463659,0.4732877500350831
0.0,0.0,255.0,0.48507462686567165,0.7844611528822055,0.4741279791951475
0.0,0.0,255.0,0.48600746268656714,0.7819548872180451,0.4749039374607801
0.0,0.0,255.0,0.48600746268656714,0.7819548872180451,0.475907382873269
0.0,0.0,255.0,0.4869402985074627,0.7794486215538847,0.47667678110525497
0.0,0.0,255.0,0.4878731343283582,0.7769423558897243,0.4775614049116258
0.0,0.0,255.0,0.48880597014925375,0.7744360902255639,0.4784234282034066
0.0,0.0,255.0,0.48973880597014924,0.7744360902255639,0.4793213900183879
0.0,0.0,255.0,0.4916044776119403,0.7719298245614035,0.4802075394139789
0.0,0.0,255.0,0.4925373134328358,0.7719298245614035,0.48105990790540937
0.0,0.0,255.0,0.4944029850746269,0.7694235588972431,0.4818791275224991
0.0,0.0,255.0,0.4962686567164179,0.7694235588972431,0.4828195007178006
0.0,0.0,255.0,0.49906716417910446,0.7694235588972431,0.4836035228121683
0.0,0.0,255.0,0.5018656716417911,0.7694235588972431,0.4846081669019016
0.0,0.0,255.0,0.5046641791044776,0.7694235588972431,0.4853877865816626
0.0,0.0,255.0,0.5083955223880597,0.7694235588972431,0.48626255944049757
0.0,0.0,255.0,0.5130597014925373,0.7694235588972431,0.48710688589732465
0.0,0.0,255.0,0.5167910447761194,0.7719298245614035,0.4879939942347112
0.0,0.0,255.0,0.5205223880597015,0.7744360902255639,0.4887948849870274
0.0,0.0,255.0,0.5242537313432836,0.7769423558897243,0.4897278917658087
0.0,0.0,255.0,0.5279850746268657,0.7769423558897243,0.4905627813636026
0.0,0.0,255.0,0.5307835820895522,0.7819548872180451,0.49147368889282345
0.0,0.0,255.0,0.5345149253731343,0.7844611528822055,0.492312370669536
0.0,0.0,255.0,0.5373134328358209,0.7869674185463659,0.4932278549664173
0.0,0.0,255.0,0.5410447761194029,0.7894736842105263,0.4940294213368167
0.0,0.0,255.0,0.5447761194029851,0.7944862155388471,0.4949388468650809
0.0,0.0,255.0,0.5485074626865671,0.7994987468671679,0.49591842770334027
0.0,0.0,255.0,0.5531716417910447,0.8070175438596491,0.4967251592829565
0.0,0.0,255.0,0.5578358208955224,0.8120300751879699,0.49758676848623473
0.0,0.0,255.0,0.5615671641791045,0.8170426065162907,0.4984081457223644
0.0,0.0,255.0,0.566231343283582,0.8220551378446115,0.49930815618572705
0.0,0.0,255.0,0.5708955223880597,0.8295739348370927,0.5001412804588519
0.0,0.0,255.0,0.5746268656716418,0.8345864661654135,0.5010843343323546
0.0,0.0,255.0,0.5783582089552238,0.8395989974937343,0.5018680295147465
0.0,0.0,255.0,0.5811567164179104,0.8446115288220551,0.5028420092611547
0.0,0.0,255.0,0.5848880597014925,0.849624060150376,0.503639739864372
0.0,0.0,255.0,0.5876865671641791,0.8546365914786967,0.5045358491781574
0.0,0.0,255.0,0.5895522388059702,0.8571428571428571,0.5053439319939401
0.0,0.0,255.0,0.5923507462686567,0.8621553884711779,0.5062721876520072
0.0,0.0,255.0,0.5942164179104478,0.8646616541353384,0.5070792025553358
0.0,0.0,255.0,0.5960820895522388,0.8671679197994987,0.5080029032398742
0.0,0.0,255.0,0.5988805970149254,0.8696741854636592,0.5088599574696238
0.0,0.0,255.0,0.6007462686567164,0.8721804511278195,0.5097518605159879
0.0,0.0,255.0,0.601679104477612,0.8721804511278195,0.5105774876078022
0.0,0.0,255.0,0.6035447761194029,0.87468671679198,0.5114714828908111
0.0,0.0,255.0,0.6044776119402985,0.87468671679198,0.5123609885826864
0.0,0.0,255.0,0.605410447761194,0.87468671679198,0.5131912796186882
0.0,0.0,255.0,0.605410447761194,0.87468671679198,0.5140217450077436
0.0,0.0,255.0,0.6063432835820896,0.87468671679198,0.5149915838691257
0.0,0.0,255.0,0.6063432835820896,0.87468671679198,0.5158254927309923
0.0,0.0,255.0,0.6072761194029851,0.87468671679198,0.516691068466243
0.0,0.0,255.0,0.6072761194029851,0.87468671679198,0.5175060818159115
0.0,0.0,255.0,0.6072761194029851,0.87468671679198,0.5184463896288178
0.0,0.0,255.0,0.6072761194029851,0.87468671679198,0.519371332578864
0.0,0.0,255.0,0.6082089552238806,0.87468671679198,0.520159408381731
0.0,0.0,255.0,0.6082089552238806,0.87468671679198,0.52112057317869
0.0,0.0,255.0,0.6082089552238806,0.87468671679198,0.5219136180435883
0.0,0.0,255.0,0.6082089552238806,0.8721804511278195,0.52281247341797
0.0,0.0,255.0,0.6082089552238806,0.8721804511278195,0.5236514167242631
0.0,0.0,255.0,0.6063432835820896,0.8621553884711779,0.5271832429454412
0.0,0.0,255.0,0.605410447761194,0.8546365914786967,0.5280531121246399
0.0,0.0,255.0,0.6035447761194029,0.8471177944862155,0.5288722881534662
0.0,0.0,255.0,0.6026119402985075,0.8370927318295739,0.5297634284052203
0.0,0.0,255.0,0.6007462686567164,0.8270676691729323,0.5305774828130932
0.0,0.0,255.0,0.5988805970149254,0.8170426065162907,0.5315017065567929
0.0,0.0,255.0,0.5970149253731343,0.8095238095238095,0.5323634683189932
0.0,0.0,255.0,0.5960820895522388,0.8020050125313283,0.5332371296771106
0.0,0.0,255.0,0.5951492537313433,0.7944862155388471,0.5340743294528664
0.0,0.0,255.0,0.5932835820895522,0.7869674185463659,0.5350070093196719
0.0,0.0,255.0,0.5923507462686567,0.7819548872180451,0.5358440347423741
0.0,0.0,255.0,0.5904850746268657,0.7744360902255639,0.5367199844843218
0.0,0.0,255.0,0.5886194029850746,0.7669172932330827,0.5375407296906316
0.0,0.0,255.0,0.5867537313432836,0.7568922305764411,0.538445295127523
0.0,0.0,255.0,0.5848880597014925,0.7468671679197995,0.5392993417670957
0.0,0.0,255.0,0.5830223880597015,0.7343358395989975,0.5401764901862878
0.0,0.0,255.0,0.5802238805970149,0.7218045112781954,0.5410320842092122
0.0,0.0,255.0,0.5783582089552238,0.7092731829573935,0.541900188063742
0.0,0.0,255.0,0.5764925373134329,0.6992481203007519,0.5427435337846419
0.0,0.0,255.0,0.5746268656716418,0.6867167919799498,0.5436584514340985
0.0,0.0,255.0,0.5727611940298507,0.6766917293233082,0.54444925150343
0.0,0.0,255.0,0.5708955223880597,0.6666666666666666,0.5454414293498215
0.0,0.0,255.0,0.5699626865671642,0.6591478696741855,0.5462760792121666
0.0,0.0,255.0,0.5680970149253731,0.6491228070175439,0.5471087240143936
0.0,0.0,255.0,0.566231343283582,0.6416040100250626,0.5480100857139227
0.0,0.0,255.0,0.5652985074626866,0.631578947368421,0.5488513827864412
0.0,0.0,255.0,0.5643656716417911,0.6240601503759399,0.5497671722011666
0.0,0.0,255.0,0.5634328358208955,0.6165413533834586,0.5505736640453339
0.0,0.0,255.0,0.5625,0.606516290726817,0.5514962968174182
0.0,0.0,255.0,0.5615671641791045,0.5989974937343359,0.5524187334423171
0.0,0.0,255.0,0.5615671641791045,0.5914786967418546,0.5532373428237187
0.0,0.0,255.0,0.5606343283582089,0.5839598997493735,0.5540624032681085
0.0,0.0,255.0,0.5606343283582089,0.5764411027568922,0.5550268807730884
0.0,0.0,255.0,0.5597014925373134,0.568922305764411,0.5558063696880591
0.0,0.0,255.0,0.5597014925373134,0.5614035087719298,0.5567093005650717
0.0,0.0,255.0,0.5597014925373134,0.556390977443609,0.5575623882628489
0.0,0.0,255.0,0.5597014925373134,0.5513784461152882,0.5584506298950845
0.0,0.0,255.0,0.5606343283582089,0.5463659147869674,0.5592873501999426
0.0,0.0,255.0,0.5606343283582089,0.5388471177944862,0.5602083484121482
0.0,0.0,255.0,0.5615671641791045,0.5338345864661654,0.5610312512374981
0.0,0.0,255.0,0.5625,0.5288220551378446,0.5619298886705626
0.0,0.0,255.0,0.5634328358208955,0.5238095238095238,0.5627488031698082
0.0,0.0,255.0,0.5643656716417911,0.518796992481203,0.5637479551383491
0.0,0.0,255.0,0.5652985074626866,0.5137844611528822,0.5644756394022297
0.0,0.0,255.0,0.5671641791044776,0.5087719298245614,0.5654047886196972
0.0,0.0,255.0,0.5690298507462687,0.506265664160401,0.5662447780443127
0.0,0.0,255.0,0.5699626865671642,0.5012531328320802,0.5671375746500772
0.0,0.0,255.0,0.5718283582089553,0.49874686716791977,0.5679379205491005
0.0,0.0,255.0,0.5727611940298507,0.49373433583959897,0.5688781411854801
0.0,0.0,255.0,0.5736940298507462,0.49122807017543857,0.5697369607398985
0.0,0.0,255.0,0.5755597014925373,0.49122807017543857,0.5706029505636518
0.0,0.0,255.0,0.5764925373134329,0.48872180451127817,0.5715779110459873
0.0,0.0,255.0,0.5783582089552238,0.48872180451127817,0.572351559133658
0.0,0.0,255.0,0.5802238805970149,0.48872180451127817,0.5732511337143863
0.0,0.0,255.0,0.582089552238806,0.48872180451127817,0.5740591729419054
0.0,0.0,255.0,0.5839552238805971,0.48872180451127817,0.5749974103122988
0.0,0.0,255.0,0.585820895522388,0.49122807017543857,0.5757966011223411
0.0,0.0,255.0,0.5895522388059702,0.49373433583959897,0.5767944454429789
0.0,0.0,255.0,0.5923507462686567,0.49624060150375937,0.5775878390139847
0.0,0.0,255.0,0.5951492537313433,0.49874686716791977,0.57846274263761
0.0,0.0,255.0,0.5988805970149254,0.5037593984962406,0.5792909414369669
0.0,0.0,255.0,0.6026119402985075,0.506265664160401,0.5802026989373247
0.0,0.0,255.0,0.6063432835820896,0.5112781954887218,0.5810276504110559
0.0,0.0,255.0,0.6100746268656716,0.5162907268170426,0.5819842820286178
0.0,0.0,255.0,0.6138059701492538,0.5238095238095238,0.5827842792215336
0.0,0.0,255.0,0.6175373134328358,0.531328320802005,0.5836892587469277
0.0,0.0,255.0,0.621268656716418,0.5363408521303258,0.5844837856127827
0.0,0.0,255.0,0.6240671641791045,0.5463659147869674,0.5854485028532115
0.0,0.0,255.0,0.6268656716417911,0.5538847117794486,0.5862285802097384
0.0,0.0,255.0,0.6296641791044776,0.5614035087719298,0.5871481835975142
0.0,0.0,255.0,0.6324626865671642,0.568922305764411,0.5879811335175853
0.0,0.0,255.0,0.6343283582089553,0.5789473684210527,0.5888873771026188
0.0,0.0,255.0,0.6371268656716418,0.5864661654135338,0.5897758584703034
0.0,0.0,255.0,0.6389925373134329,0.5939849624060151,0.590624456576947
0.0,0.0,255.0,0.6399253731343284,0.6015037593984962,0.5914549001718707
0.0,0.0,255.0,0.6417910447761194,0.6090225563909775,0.5924132971141017
0.0,0.0,255.0,0.6436567164179104,0.6165413533834586,0.5931871849372212
0.0,0.0,255.0,0.6455223880597015,0.6215538847117794,0.5941387821103568
0.0,0.0,255.0,0.6473880597014925,0.6290726817042607,0.5950057962583006
0.0,0.0,255.0,0.6501865671641791,0.6365914786967418,0.5958726578473226
0.0,0.0,255.0,0.6520522388059702,0.6466165413533834,0.5967598969494994
0.0,0.0,255.0,0.6548507462686567,0.656641604010025,0.597569897648873
0.0,0.0,255.0,0.6576492537313433,0.6666666666666666,0.5985187923496756
0.0,0.0,255.0,0.6613805970149254,0.6741854636591479,0.599310682125593
0.0,0.0,255.0,0.664179104477612,0.6842105263157895,0.6002797146041017
0.0,0.0,255.0,0.6669776119402985,0.6942355889724311,0.6010811502097108
0.0,0.0,255.0,0.6688432835820896,0.7042606516290727,0.6020119121929253
0.0,0.0,255.0,0.6725746268656716,0.7142857142857143,0.6028126503863195
0.0,0.0,255.0,0.6753731343283582,0.7218045112781954,0.6037366126004385
0.0,0.0,255.0,0.6772388059701493,0.7293233082706767,0.6045477465946615
0.0,0.0,255.0,0.6800373134328358,0.7368421052631579,0.6054620322142984
0.0,0.0,255.0,0.6819029850746269,0.7443609022556391,0.6063085816725605
0.0,0.0,255.0,0.683768656716418,0.7493734335839599,0.607187626181212
0.0,0.0,255.0,0.6847014925373134,0.7568922305764411,0.6080642951295063
0.0,0.0,255.0,0.6865671641791045,0.7619047619047619,0.6089222211245244
0.0,0.0,255.0,0.6884328358208955,0.7694235588972431,0.609756674839684
0.0,0.0,255.0,0.6893656716417911,0.7769423558897243,0.6106931686795399
0.0,0.0,255.0,0.691231343283582,0.7844611528822055,0.6114666642082887
0.0,0.0,255.0,0.6930970149253731,0.7944862155388471,0.6124386606887107
0.0,0.0,255.0,0.6949626865671642,0.8070175438596491,0.6132169945147004
0.0,0.0,255.0,0.6968283582089553,0.8170426065162907,0.6141909306728452
0.0,0.0,255.0,0.6977611940298507,0.8270676691729323,0.6149591520217185
0.0,0.0,255.0,0.6996268656716418,0.8370927318295739,0.6159044942790514
0.0,0.0,255.0,0.7005597014925373,0.8446115288220551,0.6168068585086394
0.0,0.0,255.0,0.7024253731343284,0.8521303258145363,0.6176049814062275
0.0,0.0,255.0,0.7024253731343284,0.8571428571428571,0.6185535927833179
0.0,0.0,255.0,0.7033582089552238,0.8621553884711779,0.6193555732422199
0.0,0.0,255.0,0.7042910447761194,0.8671679197994987,0.6203273299871931
0.0,0.0,255.0,0.7052238805970149,0.8721804511278195,0.6210912796862499
0.0,0.0,255.0,0.7052238805970149,0.8771929824561403,0.622071427171934
0.0,0.0,255.0,0.7052238805970149,0.8822055137844611,0.6228557761782774
0.0,0.0,255.0,0.7052238805970149,0.8847117794486216,0.6237370436883639
0.0,0.0,255.0,0.7061567164179104,0.8897243107769424,0.6247596025543681
0.0,0.0,255.0,0.7061567164179104,0.8922305764411027,0.6255387209690996
0.0,0.0,255.0,0.7061567164179104,0.8972431077694235,0.6263262083304102
0.0,0.0,255.0,0.7061567164179104,0.899749373433584,0.6272235381155717
0.0,0.0,255.0,0.7061567164179104,0.9022556390977443,0.6280725285165861
0.0,0.0,255.0,0.7052238805970149,0.9047619047619048,0.6289388888405786
0.0,0.0,255.0,0.7052238805970149,0.9072681704260651,0.6297610288713184
0.0,0.0,255.0,0.7052238805970149,0.9097744360902256,0.6307361201184442
0.0,0.0,255.0,0.7042910447761194,0.9122807017543859,0.6314954494615771
0.0,0.0,255.0,0.7042910447761194,0.9147869674185464,0.6324437339266916
0.0,0.0,255.0,0.7033582089552238,0.9147869674185464,0.6332751364634109
0.0,0.0,255.0,0.7024253731343284,0.9172932330827067,0.6341781763110821
0.0,0.0,255.0,0.7014925373134329,0.9172932330827067,0.6349599754040147
0.0,0.0,255.0,0.7005597014925373,0.9197994987468672,0.6358875554439987
0.0,0.0,255.0,0.7005597014925373,0.9197994987468672,0.636767907600553
0.0,0.0,255.0,0.6977611940298507,0.9172932330827067,0.6385101086958346
0.0,0.0,255.0,0.6958955223880597,0.9147869674185464,0.639405215479561
0.0,0.0,255.0,0.6930970149253731,0.9122807017543859,0.6401874286609962
0.0,0.0,255.0,0.6893656716417911,0.9097744360902256,0.6410740793216166
0.0,0.0,255.0,0.6856343283582089,0.9072681704260651,0.6419300002565169
0.0,0.0,255.0,0.6809701492537313,0.9022556390977443,0.6428793090458221
0.0,0.0,255.0,0.6772388059701493,0.8972431077694235,0.6436644862291708
0.0,0.0,255.0,0.6735074626865671,0.8922305764411027,0.644642083801444
0.0,0.0,255.0,0.6697761194029851,0.8897243107769424,0.6454982662659249
0.0,0.0,255.0,0.6660447761194029,0.8847117794486216,0.646312691174037
0.0,0.0,255.0,0.6632462686567164,0.8796992481203008,0.6472515823683818
0.0,0.0,255.0,0.6604477611940298,0.8721804511278195,0.6480557858287189
0.0,0.0,255.0,0.6576492537313433,0.8671679197994987,0.649010870062929
0.0,0.0,255.0,0.6557835820895522,0.8596491228070176,0.6497756697331228
0.0,0.0,255.0,0.6539179104477612,0.8521303258145363,0.6507591299268277
0.0,0.0,255.0,0.6520522388059702,0.8446115288220551,0.6515239949794166
0.0,0.0,255.0,0.6511194029850746,0.8370927318295739,0.6524554761689778
0.0,0.0,255.0,0.6501865671641791,0.8270676691729323,0.6532545580083616
0.0,0.0,255.0,0.6492537313432836,0.8220551378446115,0.6541749459848791
0.0,0.0,255.0,0.648320895522388,0.8145363408521303,0.6550141072324894
0.0,0.0,255.0,0.648320895522388,0.8120300751879699,0.6559848832415354
0.0,0.0,255.0,0.648320895522388,0.8070175438596491,0.6567726321324265
0.0,0.0,255.0,0.648320895522388,0.8020050125313283,0.657659980205262
0.0,0.0,255.0,0.648320895522388,0.7994987468671679,0.6585379350073275
0.0,0.0,255.0,0.648320895522388,0.7969924812030075,0.6593742630178147
0.0,0.0,255.0,0.648320895522388,0.7944862155388471,0.6601991491091507
0.0,0.0,255.0,0.6492537313432836,0.7919799498746867,0.6611347275954745
0.0,0.0,255.0,0.6501865671641791,0.7894736842105263,0.6619501550336456
0.0,0.0,255.0,0.6511194029850746,0.7844611528822055,0.6629186208647296
0.0,0.0,255.0,0.6520522388059702,0.7819548872180451,0.6636799770621122
0.0,0.0,255.0,0.6539179104477612,0.7794486215538847,0.6646388098869775
0.0,0.0,255.0,0.6557835820895522,0.7769423558897243,0.6654503143814398
0.0,0.0,255.0,0.6576492537313433,0.7744360902255639,0.666353201670189
0.0,0.0,255.0,0.6604477611940298,0.7744360902255639,0.6671934308302533
0.0,0.0,255.0,0.6623134328358209,0.7719298245614035,0.6680530131792819
0.0,0.0,255.0,0.6651119402985075,0.7719298245614035,0.6689411240467275
0.0,0.0,255.0,0.667910447761194,0.7719298245614035,0.6697905939186396
0.0,0.0,255.0,0.6707089552238806,0.7719298245614035,0.6706783778741093
0.0,0.0,255.0,0.6735074626865671,0.7719298245614035,0.6715071433208909
0.0,0.0,255.0,0.6763059701492538,0.7719298245614035,0.6724066089309606
0.0,0.0,255.0,0.6781716417910447,0.7719298245614035,0.6733076001302505
0.0,0.0,255.0,0.6809701492537313,0.7744360902255639,0.6741772731622638
0.0,0.0,255.0,0.683768656716418,0.7769423558897243,0.6750528959922357
0.0,0.0,255.0,0.6865671641791045,0.7769423558897243,0.6759270368212509
0.0,0.0,255.0,0.6893656716417911,0.7794486215538847,0.6767073757073585
0.0,0.0,255.0,0.6921641791044776,0.7819548872180451,0.6776184357955014
0.0,0.0,255.0,0.6949626865671642,0.7869674185463659,0.6785228486734708
0.0,0.0,255.0,0.6986940298507462,0.7894736842105263,0.6793830848464508
0.0,0.0,255.0,0.7033582089552238,0.7969924812030075,0.6801776553005693
0.0,0.0,255.0,0.707089552238806,0.8020050125313283,0.6811364227430395
0.0,0.0,255.0,0.7117537313432836,0.8070175438596491,0.6819096349480758
0.0,0.0,255.0,0.7154850746268657,0.8120300751879699,0.6828342945744098
0.0,0.0,255.0,0.7192164179104478,0.8170426065162907,0.6836565871640715
0.0,0.0,255.0,0.7229477611940298,0.8220551378446115,0.6846016678918238
0.0,0.0,255.0,0.7276119402985075,0.8270676691729323,0.6853844913089471
0.0,0.0,255.0,0.7313432835820896,0.8345864661654135,0.6863613478807419
0.0,0.0,255.0,0.7350746268656716,0.8395989974937343,0.6872194482288138
0.0,0.0,255.0,0.7378731343283582,0.8446115288220551,0.688084282963586
0.0,0.0,255.0,0.7406716417910447,0.849624060150376,0.6889215263276053
0.0,0.0,255.0,0.7434701492537313,0.8546365914786967,0.6898277917067706
0.0,0.0,255.0,0.746268656716418,0.8596491228070176,0.6906536585340338
0.0,0.0,255.0,0.7490671641791045,0.8646616541353384,0.6915699710079204
0.0,0.0,255.0,0.7509328358208955,0.8671679197994987,0.6924128372579225
0.0,0.0,255.0,0.753731343283582,0.8721804511278195,0.6933868605925942
0.0,0.0,255.0,0.7565298507462687,0.87468671679198,0.6942094147118366
0.0,0.0,255.0,0.7602611940298507,0.8771929824561403,0.6951037369068213
0.0,0.0,255.0,0.7621268656716418,0.8796992481203008,0.6959536862496312
0.0,0.0,255.0,0.7649253731343284,0.8796992481203008,0.6967595896522422
0.0,0.0,255.0,0.7667910447761194,0.8822055137844611,0.6977171366233362
0.0,0.0,255.0,0.769589552238806,0.8847117794486216,0.6986246878562727
0.0,0.0,255.0,0.7705223880597015,0.8847117794486216,0.6994713244910618
0.0,0.0,255.0,0.7714552238805971,0.8847117794486216,0.7002501159938175
0.0,0.0,255.0,0.7723880597014925,0.8847117794486216,0.7011919058076806
0.0,0.0,255.0,0.773320895522388,0.8847117794486216,0.7019803956990501
0.0,0.0,255.0,0.7742537313432836,0.8847117794486216,0.7029036822950859
0.0,0.0,255.0,0.7742537313432836,0.8847117794486216,0.7037426909837743
0.0,0.0,255.0,0.7751865671641791,0.8847117794486216,0.7046435078300104
0.0,0.0,255.0,0.7751865671641791,0.8847117794486216,0.7055331660808077
0.0,0.0,255.0,0.7751865671641791,0.8847117794486216,0.7063935330185781
0.0,0.0,255.0,0.7761194029850746,0.8847117794486216,0.7072353095619944
0.0,0.0,255.0,0.7761194029850746,0.8847117794486216,0.7080725965142771
0.0,0.0,255.0,0.7761194029850746,0.8847117794486216,0.7089066143468024
0.0,0.0,255.0,0.7761194029850746,0.8847117794486216,0.7099212619429934
0.0,0.0,255.0,0.7761194029850746,0.8847117794486216,0.710650646149148
0.0,0.0,255.0,0.7761194029850746,0.8847117794486216,0.711606122677729
0.0,0.0,255.0,0.7761194029850746,0.8847117794486216,0.7124267371192486
0.0,0.0,255.0,0.7723880597014925,0.8696741854636592,0.7158842671454053
0.0,0.0,255.0,0.7705223880597015,0.8646616541353384,0.7167624834770515
0.0,0.0,255.0,0.7686567164179104,0.8571428571428571,0.717631371920323
0.0,0.0,255.0,0.7667910447761194,0.849624060150376,0.7185279607050061
0.0,0.0,255.0,0.7649253731343284,0.8421052631578947,0.7194486537993677
0.0,0.0,255.0,0.7630597014925373,0.8320802005012531,0.7202503945228209
0.0,0.0,255.0,0.7602611940298507,0.8220551378446115,0.721181570594538
0.0,0.0,255.0,0.7583955223880597,0.8120300751879699,0.7220222792255002
0.0,0.0,255.0,0.7565298507462687,0.8045112781954887,0.7229305278706517
0.0,0.0,255.0,0.753731343283582,0.7944862155388471,0.7237967138415904
0.0,0.0,255.0,0.7518656716417911,0.7869674185463659,0.7246355917654883
0.0,0.0,255.0,0.75,0.7769423558897243,0.7254766491025579
0.0,0.0,255.0,0.7481343283582089,0.7694235588972431,0.7263791223028045
0.0,0.0,255.0,0.7453358208955224,0.7593984962406015,0.7272006520978562
0.0,0.0,255.0,0.7434701492537313,0.7493734335839599,0.7281148505409664
0.0,0.0,255.0,0.7416044776119403,0.7393483709273183,0.7290184352419304
0.0,0.0,255.0,0.7388059701492538,0.7243107769423559,0.7298713485866538
0.0,0.0,255.0,0.7369402985074627,0.7117794486215538,0.7306427518787577
0.0,0.0,255.0,0.7350746268656716,0.6992481203007519,0.7316237493355786
0.0,0.0,255.0,0.7332089552238806,0.6892230576441103,0.7324339679762695
0.0,0.0,255.0,0.7322761194029851,0.6791979949874687,0.733343371710402
0.0,0.0,255.0,0.730410447761194,0.6691729323308271,0.7341736409522719
0.0,0.0,255.0,0.7294776119402985,0.6616541353383458,0.7350830882746677
0.0,0.0,255.0,0.7276119402985075,0.6516290726817042,0.7361992311422625
0.0,0.0,255.0,0.726679104477612,0.6441102756892231,0.7374364622056738
0.0,0.0,255.0,0.7257462686567164,0.6240601503759399,0.7386114710230346
0.0,0.0,255.0,0.7248134328358209,0.6140350877192983,0.7398552621200926
0.0,0.0,255.0,0.7248134328358209,0.5964912280701754,0.7415701333742016
0.0,0.0,255.0,0.7248134328358209,0.5889724310776943,0.7425111385993229
0.0,0.0,255.0,0.7248134328358209,0.5789473684210527,0.7429641732153128
0.0,0.0,255.0,0.7257462686567164,0.5714285714285714,0.743868063034121
0.0,0.0,255.0,0.726679104477612,0.5639097744360902,0.7445444657060729
0.0,0.0,255.0,0.7276119402985075,0.5588972431077694,0.7454507310852382
0.0,0.0,255.0,0.7285447761194029,0.5513784461152882,0.7464796102494402
0.0,0.0,255.0,0.7294776119402985,0.5463659147869674,0.7472038510405096
0.0,0.0,255.0,0.7313432835820896,0.5413533834586466,0.7481568212439432
0.0,0.0,255.0,0.7322761194029851,0.5388471177944862,0.7489553800241657
0.0,0.0,255.0,0.7341417910447762,0.5363408521303258,0.7498957096312039
0.0,0.0,255.0,0.7350746268656716,0.5338345864661654,0.7506566299459521
0.0,0.0,255.0,0.7360074626865671,0.5338345864661654,0.7516172280954865
0.0,0.0,255.0,0.7378731343283582,0.531328320802005,0.7524540791651348
0.0,0.0,255.0,0.7388059701492538,0.531328320802005,0.7533440861220396
0.0,0.0,255.0,0.7406716417910447,0.531328320802005,0.7541811987212685
0.0,0.0,255.0,0.7416044776119403,0.531328320802005,0.7550740825035599
0.0,0.0,255.0,0.7434701492537313,0.531328320802005,0.7560000279836652
0.0,0.0,255.0,0.7453358208955224,0.5338345864661654,0.7568020520308306
0.0,0.0,255.0,0.7481343283582089,0.5363408521303258,0.7576595639373461
0.0,0.0,255.0,0.7509328358208955,0.543859649122807,0.7585325932656438
0.0,0.0,255.0,0.753731343283582,0.5488721804511278,0.7593777261053444
0.0,0.0,255.0,0.7574626865671642,0.5588972431077694,0.760340612638709
0.0,0.0,255.0,0.7611940298507462,0.568922305764411,0.7611202105243383
0.0,0.0,255.0,0.7649253731343284,0.5789473684210527,0.7620395523825334
0.0,0.0,255.0,0.769589552238806,0.5914786967418546,0.7628579874108813
0.0,0.0,255.0,0.7742537313432836,0.6040100250626567,0.7637632720541193
0.0,0.0,255.0,0.7770522388059702,0.6140350877192983,0.7645885286456946
0.0,0.0,255.0,0.7807835820895522,0.6240601503759399,0.7655121203595744
0.0,0.0,255.0,0.7835820895522388,0.6340852130325815,0.7664172524438904
0.0,0.0,255.0,0.7863805970149254,0.6466165413533834,0.7672280813202693
0.0,0.0,255.0,0.789179104477612,0.6616541353383458,0.7681283097249492
0.0,0.0,255.0,0.792910447761194,0.6741854636591479,0.7689876523385288
0.0,0.0,255.0,0.7957089552238806,0.6892230576441103,0.7699065147258263
0.0,0.0,255.0,0.7985074626865671,0.7042606516290727,0.7707369801148817
0.0,0.0,255.0,0.8003731343283582,0.7167919799498746,0.7716535323242171
0.0,0.0,255.0,0.8031716417910447,0.7268170426065163,0.7725331216861614
0.0,0.0,255.0,0.8059701492537313,0.7368421052631579,0.7733870811492072
0.0,0.0,255.0,0.808768656716418,0.7443609022556391,0.7742765868410825
0.0,0.0,255.0,0.8115671641791045,0.7543859649122807,0.7751123046158815
0.0,0.0,255.0,0.8152985074626866,0.7644110275689223,0.7759378881194325
0.0,0.0,255.0,0.8180970149253731,0.7744360902255639,0.7768750139891083
0.0,0.0,255.0,0.8208955223880597,0.7844611528822055,0.777686322336385
0.0,0.0,255.0,0.8236940298507462,0.7944862155388471,0.7786565316980063
0.0,0.0,255.0,0.8264925373134329,0.8045112781954887,0.7794229877222105
0.0,0.0,255.0,0.8283582089552238,0.8120300751879699,0.7803540548232691
0.0,0.0,255.0,0.8311567164179104,0.8220551378446115,0.7811399948012279
0.0,0.0,255.0,0.8330223880597015,0.8295739348370927,0.7820665069287577
0.0,0.0,255.0,0.835820895522388,0.8395989974937343,0.7828838522505198
0.0,0.0,255.0,0.8376865671641791,0.8471177944862155,0.7837989878412936
0.0,0.0,255.0,0.8395522388059702,0.8521303258145363,0.7846865102671827
0.0,0.0,255.0,0.8404850746268657,0.8571428571428571,0.7855842541408469
0.0,0.0,255.0,0.8414179104477612,0.8621553884711779,0.7864428557539482
0.0,0.0,255.0,0.8423507462686567,0.8671679197994987,0.7872797068235966
0.0,0.0,255.0,0.8442164179104478,0.8721804511278195,0.7881603423038633
0.0,0.0,255.0,0.8451492537313433,0.87468671679198,0.789017461916008
0.0,0.0,255.0,0.8460820895522388,0.8771929824561403,0.7898092645153985
0.0,0.0,255.0,0.8470149253731343,0.8796992481203008,0.7907772508755847
0.0,0.0,255.0,0.8470149253731343,0.8822055137844611,0.7915630818828848
0.0,0.0,255.0,0.8479477611940298,0.8847117794486216,0.7924833608887437
0.0,0.0,255.0,0.8488805970149254,0.8847117794486216,0.7934005887161624
0.0,0.0,255.0,0.8488805970149254,0.8872180451127819,0.7942177160966074
0.0,0.0,255.0,0.8488805970149254,0.8872180451127819,0.7951487178152709
0.0,0.0,255.0,0.8498134328358209,0.8872180451127819,0.7959515482453098
0.0,0.0,255.0,0.8498134328358209,0.8897243107769424,0.7969671547832965
0.0,0.0,255.0,0.8498134328358209,0.8897243107769424,0.797696844107295
0.0,0.0,255.0,0.8507462686567164,0.8897243107769424,0.7986207409390189
0.0,0.0,255.0,0.8507462686567164,0.8872180451127819,0.8038267705645231
0.0,0.0,255.0,0.8507462686567164,0.8872180451127819,0.8046819722930768
0.0,0.0,255.0,0.8507462686567164,0.8872180451127819,0.8055560259455651
0.0,0.0,255.0,0.8488805970149254,0.8771929824561403,0.8081258373986472
0.0,0.0,255.0,0.8470149253731343,0.8696741854636592,0.8090318630423636
0.0,0.0,255.0,0.8460820895522388,0.8596491228070176,0.8098397497109607
0.0,0.0,255.0,0.8442164179104478,0.8471177944862155,0.8108593009867882
0.0,0.0,255.0,0.8414179104477612,0.8345864661654135,0.8115940029610815
0.0,0.0,255.0,0.8386194029850746,0.8220551378446115,0.8125033849010822
0.0,0.0,255.0,0.835820895522388,0.8070175438596491,0.8133396257350425
0.0,0.0,255.0,0.832089552238806,0.7944862155388471,0.814232574899729
0.0,0.0,255.0,0.8283582089552238,0.7844611528822055,0.815094511014983
0.0,0.0,255.0,0.8246268656716418,0.7719298245614035,0.8159774130849482
0.0,0.0,255.0,0.8218283582089553,0.7619047619047619,0.8168330289020045
0.0,0.0,255.0,0.8190298507462687,0.7518796992481203,0.8177279395385454
0.0,0.0,255.0,0.8171641791044776,0.7418546365914787,0.8185493385688069
0.0,0.0,255.0,0.8152985074626866,0.7293233082706767,0.8194442492053479
0.0,0.0,255.0,0.8134328358208955,0.7192982456140351,0.8202758260951208
0.0,0.0,255.0,0.8115671641791045,0.7092731829573935,0.8212315859474141
0.0,0.0,255.0,0.8097014925373134,0.6992481203007519,0.8221296785271857
0.0,0.0,255.0,0.808768656716418,0.6892230576441103,0.8229512301163691
0.0,0.0,255.0,0.8078358208955224,0.681704260651629,0.8238333040093291
0.0,0.0,255.0,0.8069029850746269,0.6716791979949874,0.8246638565749114
0.0,0.0,255.0,0.8059701492537313,0.6666666666666666,0.8256038810641054
0.0,0.0,255.0,0.8050373134328358,0.6591478696741855,0.8264285710082561
0.0,0.0,255.0,0.8041044776119403,0.6516290726817042,0.827314720403847
0.0,0.0,255.0,0.8041044776119403,0.6466165413533834,0.8282212255184611
0.0,0.0,255.0,0.8041044776119403,0.6390977443609023,0.8290627405322968
0.0,0.0,255.0,0.8041044776119403,0.631578947368421,0.8298744847622078
0.0,0.0,255.0,0.8041044776119403,0.6265664160401002,0.830783605172628
0.0,0.0,255.0,0.8041044776119403,0.6190476190476191,0.8316004492293606
0.0,0.0,255.0,0.8050373134328358,0.6090225563909775,0.8325382071288562
0.0,0.0,255.0,0.8059701492537313,0.6015037593984962,0.8333740774625772
0.0,0.0,255.0,0.8059701492537313,0.5939849624060151,0.8342531437653604
0.0,0.0,255.0,0.8069029850746269,0.5839598997493735,0.8351046404915222
0.0,0.0,255.0,0.8078358208955224,0.5764411027568922,0.8360446213924528
0.0,0.0,255.0,0.8097014925373134,0.5714285714285714,0.8368216693646712
0.0,0.0,255.0,0.8106343283582089,0.5639097744360902,0.8377157300300753
0.0,0.0,255.0,0.8125,0.5588972431077694,0.8385604269871415
0.0,0.0,255.0,0.8143656716417911,0.556390977443609,0.839518257281948
0.0,0.0,255.0,0.816231343283582,0.5513784461152882,0.840294019400395
0.0,0.0,255.0,0.8180970149253731,0.5488721804511278,0.8412523727543626
0.0,0.0,255.0,0.8199626865671642,0.5463659147869674,0.8420807023185098
0.0,0.0,255.0,0.8218283582089553,0.5463659147869674,0.842944469140828
0.0,0.0,255.0,0.8236940298507462,0.543859649122807,0.8437743242941954
0.0,0.0,255.0,0.8255597014925373,0.543859649122807,0.8446840549403036
0.0,0.0,255.0,0.8264925373134329,0.5463659147869674,0.8456774968463346
0.0,0.0,255.0,0.8292910447761194,0.5463659147869674,0.846419652413675
0.0,0.0,255.0,0.8311567164179104,0.5488721804511278,0.8473439851280332
0.0,0.0,255.0,0.8339552238805971,0.5538847117794486,0.8481722493097853
0.0,0.0,255.0,0.8367537313432836,0.5588972431077694,0.8490519258482565
0.0,0.0,255.0,0.8404850746268657,0.568922305764411,0.8499010688081929
0.0,0.0,255.0,0.8442164179104478,0.581453634085213,0.8507990960055694
0.0,0.0,255.0,0.8479477611940298,0.5939849624060151,0.8516798840447581
0.0,0.0,255.0,0.8526119402985075,0.606516290726817,0.8525469417809655
0.0,0.0,255.0,0.8572761194029851,0.6190476190476191,0.8534191647263896
0.0,0.0,255.0,0.8628731343283582,0.6340852130325815,0.8542714024530298
0.0,0.0,255.0,0.8684701492537313,0.6516290726817042,0.8551077522576487
0.0,0.0,255.0,0.8731343283582089,0.6691729323308271,0.8560393860061318
0.0,0.0,255.0,0.8777985074626866,0.6842105263157895,0.856841366465034
0.0,0.0,255.0,0.8815298507462687,0.6992481203007519,0.857817285889165
0.0,0.0,255.0,0.8852611940298507,0.7117794486215538,0.8585854200615113
0.0,0.0,255.0,0.8880597014925373,0.7243107769423559,0.8595283213760919
0.0,0.0,255.0,0.8908582089552238,0.7343358395989975,0.8603079846441163
0.0,0.0,255.0,0.8936567164179104,0.7468671679197995,0.8612339301242216
0.0,0.0,255.0,0.8964552238805971,0.7568922305764411,0.8620526702704135
0.0,0.0,255.0,0.9001865671641791,0.7719298245614035,0.8629522448511419
0.0,0.0,255.0,0.9039179104477612,0.7894736842105263,0.8638345802736824
0.0,0.0,255.0,0.9076492537313433,0.8070175438596491,0.8647480159221824
0.0,0.0,255.0,0.9113805970149254,0.8220551378446115,0.8655622882713725
0.0,0.0,255.0,0.914179104477612,0.8370927318295739,0.8664185579123802
0.0,0.0,255.0,0.917910447761194,0.8471177944862155,0.867312792930838
0.0,0.0,255.0,0.9216417910447762,0.8571428571428571,0.8681705227786707
0.0,0.0,255.0,0.9244402985074627,0.8671679197994987,0.8690740638913714
0.0,0.0,255.0,0.9272388059701493,0.8721804511278195,0.8699623055236072
0.0,0.0,255.0,0.9291044776119403,0.8796992481203008,0.8708180521054537
0.0,0.0,255.0,0.9309701492537313,0.8822055137844611,0.8716721205391581
0.0,0.0,255.0,0.9328358208955224,0.8872180451127819,0.8726150654420021
0.0,0.0,255.0,0.933768656716418,0.8897243107769424,0.873392462120328
0.0,0.0,255.0,0.9347014925373134,0.8922305764411027,0.8743296533723989
0.0,0.0,255.0,0.9347014925373134,0.8922305764411027,0.8751195816764618
0.0,0.0,255.0,0.9356343283582089,0.8922305764411027,0.8760699801723528
0.0,0.0,255.0,0.9356343283582089,0.8947368421052632,0.876849120381216
0.0,0.0,255.0,0.9365671641791045,0.8947368421052632,0.877794680579866
0.0,0.0,255.0,0.9365671641791045,0.8947368421052632,0.8786000827174475
0.0,0.0,255.0,0.9365671641791045,0.8947368421052632,0.8813443126066564
0.0,0.0,255.0,0.9365671641791045,0.8922305764411027,0.8820904129118374
0.0,0.0,255.0,0.9365671641791045,0.8922305764411027,0.8829724214224023
0.0,0.0,255.0,0.933768656716418,0.87468671679198,0.8855676666271975
0.0,0.0,255.0,0.9319029850746269,0.8621553884711779,0.8864636451761926
0.0,0.0,255.0,0.9291044776119403,0.8446115288220551,0.8873155995791204
0.0,0.0,255.0,0.9253731343283582,0.8220551378446115,0.8882509819182589
0.0,0.0,255.0,0.9207089552238806,0.8020050125313283,0.8890000462253533
0.0,0.0,255.0,0.9160447761194029,0.7844611528822055,0.8899878870395334
0.0,0.0,255.0,0.9123134328358209,0.7644110275689223,0.8907609466856476
0.0,0.0,255.0,0.9085820895522388,0.7418546365914787,0.891668737654033
0.0,0.0,255.0,0.9048507462686567,0.7192982456140351,0.8925192318501359
0.0,0.0,255.0,0.9011194029850746,0.6967418546365914,0.8934124207502713
0.0,0.0,255.0,0.898320895522388,0.6791979949874687,0.8943750893423187
0.0,0.0,255.0,0.894589552238806,0.6616541353383458,0.8951425478965819
0.0,0.0,255.0,0.8917910447761194,0.6441102756892231,0.8960863209764311
0.0,0.0,255.0,0.8871268656716418,0.6240601503759399,0.8968794530178563
0.0,0.0,255.0,0.8833955223880597,0.6015037593984962,0.8978011922305402
0.0,0.0,255.0,0.878731343283582,0.5789473684210527,0.8986059187500386
0.0,0.0,255.0,0.8740671641791045,0.5588972431077694,0.8995481226524042
0.0,0.0,255.0,0.8703358208955224,0.5388471177944862,0.9003749048331996
0.0,0.0,255.0,0.8666044776119403,0.5213032581453634,0.9013313403035761
0.0,0.0,255.0,0.8638059701492538,0.5012531328320802,0.9021274799351782
0.0,0.0,255.0,0.8600746268656716,0.48120300751879697,0.9030057398550878
0.0,0.0,255.0,0.8572761194029851,0.45864661654135336,0.9038713591786018
0.0,0.0,255.0,0.8544776119402985,0.43859649122807015,0.9047414027108543
0.0,0.0,255.0,0.851679104477612,0.42105263157894735,0.9055555007069908
0.0,0.0,255.0,0.8498134328358209,0.40852130325814534,0.9065099747055128
0.0,0.0,255.0,0.8470149253731343,0.39097744360902253,0.9073048938657386
0.0,0.0,255.0,0.8442164179104478,0.37343358395989973,0.9083594683112344
0.0,0.0,255.0,0.8414179104477612,0.3533834586466165,0.9090668840326187
0.0,0.0,255.0,0.8386194029850746,0.3333333333333333,0.9099414607442683
0.0,0.0,255.0,0.835820895522388,0.3132832080200501,0.9107516575908274
0.0,0.0,255.0,0.832089552238806,0.2957393483709273,0.9117039303820461
0.0,0.0,255.0,0.8283582089552238,0.2756892230576441,0.9125522451649773
0.0,0.0,255.0,0.8236940298507462,0.2556390977443609,0.9134146389569974
0.0,0.0,255.0,0.8199626865671642,0.23558897243107768,0.9142708214214782
0.0,0.0,255.0,0.8152985074626866,0.21553884711779447,0.915165208998858
0.0,0.0,255.0,0.8106343283582089,0.19548872180451127,0.9159714611075764
0.0,0.0,255.0,0.8078358208955224,0.17794486215538846,0.9168966437930716
0.0,0.0,255.0,0.8041044776119403,0.16290726817042606,0.9178919382002986
0.0,0.0,255.0,0.8003731343283582,0.15037593984962405,0.9186907803042335
0.0,0.0,255.0,0.7975746268656716,0.13533834586466165,0.9194504365593421
0.0,0.0,255.0,0.7938432835820896,0.12030075187969924,0.9203835305146504
0.0,0.0,255.0,0.7901119402985075,0.10275689223057644,0.9212717939410178
0.0,0.0,255.0,0.7854477611940298,0.08771929824561403,0.9220911225287661
0.0,0.0,255.0,0.7807835820895522,0.07017543859649122,0.9230255677202408
0.0,0.0,255.0,0.7761194029850746,0.05764411027568922,0.923863116202104
0.0,0.0,255.0,0.7705223880597015,0.045112781954887216,0.9248043611626742
0.0,0.0,255.0,0.7667910447761194,0.03508771929824561,0.925585528225787
0.0,0.0,255.0,0.7630597014925373,0.02756892230576441,0.9265502890544792
0.0,0.0,255.0,0.7602611940298507,0.020050125313283207,0.9273008135683988
0.0,0.0,255.0,0.7574626865671642,0.015037593984962405,0.9282339075237069
0.0,0.0,255.0,0.7546641791044776,0.010025062656641603,0.9291020985547636
0.0,0.0,255.0,0.753731343283582,0.007518796992481203,0.9299814699753908
0.0,0.0,255.0,0.7518656716417911,0.005012531328320802,0.9307919719397939
0.0,0.0,255.0,0.75,0.002506265664160401,0.9317052114411084
0.0,0.0,255.0,0.7490671641791045,0.002506265664160401,0.9325794176525187
0.0,0.0,255.0,0.7481343283582089,0.0,0.9334398281785526
0.0,0.0,255.0,0.7472014925373134,0.0,0.934256846588339
0.0,0.0,255.0,0.746268656716418,0.0,0.9351906379558621
0.0,0.0,255.0,0.7453358208955224,0.0,0.936001771950085
0.0,0.0,255.0,0.7444029850746269,0.0,0.9369500782093314
0.0,0.0,255.0,0.7434701492537313,0.002506265664160401,0.9377465665470408
0.0,0.0,255.0,0.7425373134328358,0.002506265664160401,0.9387244910312899
0.0,0.0,255.0,0.7416044776119403,0.005012531328320802,0.9394735117501208
0.0,0.0,255.0,0.7406716417910447,0.007518796992481203,0.9404567322083769
0.0,0.0,255.0,0.7397388059701493,0.010025062656641603,0.941231731532214
0.0,0.0,255.0,0.7378731343283582,0.015037593984962405,0.9421213897830113
0.0,0.0,255.0,0.7369402985074627,0.020050125313283207,0.9429272495973589
0.0,0.0,255.0,0.7350746268656716,0.02756892230576441,0.9438672304982895
0.0,0.0,255.0,0.7341417910447762,0.03759398496240601,0.9447593514859708
0.0,0.0,255.0,0.7332089552238806,0.045112781954887216,0.9456262348691243
0.0,0.0,255.0,0.7332089552238806,0.05764411027568922,0.9465117522348956
0.0,0.0,255.0,0.7332089552238806,0.06766917293233082,0.9473408010053894
0.0,0.0,255.0,0.7341417910447762,0.07769423558897243,0.9482551520074215
0.0,0.0,255.0,0.7350746268656716,0.09022556390977443,0.9491052974974169
0.0,0.0,255.0,0.7360074626865671,0.10275689223057644,0.9499988568977915
0.0,0.0,255.0,0.7378731343283582,0.11528822055137844,0.9508563252160436
0.0,0.0,255.0,0.7388059701492538,0.13032581453634084,0.9517351517833779
0.0,0.0,255.0,0.7416044776119403,0.14786967418546365,0.9525528458112474
0.0,0.0,255.0,0.7444029850746269,0.17042606516290726,0.953448017977369
0.0,0.0,255.0,0.7472014925373134,0.19047619047619047,0.95435461026851
0.0,0.0,255.0,0.75,0.20802005012531327,0.9551957111938431
0.0,0.0,255.0,0.753731343283582,0.22305764411027568,0.9560013748610052
0.0,0.0,255.0,0.7583955223880597,0.24060150375939848,0.9569696881331672
0.0,0.0,255.0,0.7649253731343284,0.2581453634085213,0.9578167388564589
0.0,0.0,255.0,0.7705223880597015,0.2756892230576441,0.9586762994113558
0.0,0.0,255.0,0.7770522388059702,0.2957393483709273,0.959494407527728
0.0,0.0,255.0,0.7817164179104478,0.3157894736842105,0.9604239926278298
0.0,0.0,255.0,0.7873134328358209,0.3308270676691729,0.9612681883198666
0.0,0.0,255.0,0.7919776119402985,0.3458646616541353,0.9621375998222994
0.0,0.0,255.0,0.7966417910447762,0.3583959899749373,0.9630203711274743
0.0,0.0,255.0,0.8022388059701493,0.37092731829573933,0.9639012899314533
0.0,0.0,255.0,0.8106343283582089,0.38847117794486213,0.9647237568741688
0.0,0.0,255.0,0.8199626865671642,0.40350877192982454,0.9656647838934218
0.0,0.0,255.0,0.8283582089552238,0.42105263157894735,0.9664390204226488
0.0,0.0,255.0,0.8367537313432836,0.44110275689223055,0.9673733566434648
0.0,0.0,255.0,0.8442164179104478,0.45864661654135336,0.9682881871163946
0.0,0.0,255.0,0.851679104477612,0.47368421052631576,0.969136872399565
0.0,0.0,255.0,0.8610074626865671,0.48872180451127817,0.9700088556095403
0.0,0.0,255.0,0.8703358208955224,0.5037593984962406,0.9708181371025674
0.0,0.0,255.0,0.878731343283582,0.5162907268170426,0.9717392006971681
0.0,0.0,255.0,0.8861940298507462,0.531328320802005,0.9725528628106702
0.0,0.0,255.0,0.8936567164179104,0.5488721804511278,0.9734962218020168
0.0,0.0,255.0,0.9011194029850746,0.5664160401002506,0.9743253359549059
0.0,0.0,255.0,0.9104477611940298,0.581453634085213,0.9752700243882872
0.0,0.0,255.0,0.9207089552238806,0.5989974937343359,0.9760544387770258
0.0,0.0,255.0,0.9291044776119403,0.6140350877192983,0.9770015681531594
0.0,0.0,255.0,0.9356343283582089,0.6265664160401002,0.9777698330902961
0.0,0.0,255.0,0.9421641791044776,0.6390977443609023,0.9786884121538811
0.0,0.0,255.0,0.9477611940298507,0.6516290726817042,0.9795082202125273
0.0,0.0,255.0,0.9533582089552238,0.6691729323308271,0.9804746591893616
0.0,0.0,255.0,0.9598880597014925,0.6867167919799498,0.9813265482098943
0.0,0.0,255.0,0.9664179104477612,0.7042606516290727,0.9822206742576935
0.0,0.0,255.0,0.9729477611940298,0.7218045112781954,0.9829888084300399
0.0,0.0,255.0,0.9785447761194029,0.7343358395989975,0.9838896688645394
0.0,0.0,255.0,0.9832089552238806,0.7443609022556391,0.9847464615647084
0.0,0.0,255.0,0.9860074626865671,0.7543859649122807,0.9856573908880609
0.0,0.0,255.0,0.9888059701492538,0.7644110275689223,0.9864513511064913
0.0,0.0,255.0,0.9906716417910447,0.7744360902255639,0.9875091946717445
0.0,0.0,255.0,0.9925373134328358,0.7869674185463659,0.9882448555878334
0.0,0.0,255.0,0.9944029850746269,0.7969924812030075,0.9891193233288244
0.0,0.0,255.0,0.996268656716418,0.8095238095238095,0.9899197999926379
0.0,0.0,255.0,0.9972014925373134,0.8195488721804511,0.990847445415017
0.0,0.0,255.0,0.9981343283582089,0.8270676691729323,0.991664115118696
0.0,0.0,255.0,0.9990671641791045,0.8345864661654135,0.9925893849807179
0.0,0.0,255.0,0.9990671641791045,0.8421052631578947,0.9935185559923172
0.0,0.0,255.0,0.9990671641791045,0.8471177944862155,0.9943532712370574
0.0,0.0,255.0,1.0,0.849624060150376,0.9952288068905024
0.0,0.0,255.0,1.0,0.8521303258145363,0.9960675322554784
0.0,0.0,255.0,1.0,0.8546365914786967,0.9969869177019369
0.0,0.0,255.0,0.9990671641791045,0.8571428571428571,0.9978588791177805
0.0,0.0,255.0,0.9990671641791045,0.8571428571428571,0.9991725639952531
0.0,0.0,255.0,0.9990671641791045,0.8571428571428571,1.0
